dataset_entry,elapsed_seconds,expanded_from,extract_elapsed_seconds,extract_return_code,extract_status,graph_elapsed_seconds,graph_return_code,graph_status,index_elapsed_seconds,index_return_code,index_status,manifest_path,manifest_rel_path,outcome,source_group,targets_elapsed_seconds,targets_return_code,targets_status,unit_name,unsafe_target_count,workspace_dir,workunit_key,compile_ok_count,compile_status,coverage_rate,fix_status,fix_success_count,found_bugs,needs_review,phase3_run_elapsed_seconds,phase3_run_return_code,phase3_run_status,related_coverage_rate,runtime_issue_count,smoke_bug_count,smoke_ok_count,smoke_review_count,smoke_status,top_api_status,top_target_api_id,top_target_path,top_target_score,error_message,error_stage
algorithmica-0.1.8,41.2,,0.47,0,ok,0.27,0,ok,40.21,0,ok,/tmp/deepSURF-main/dataset/erasan_crates/algorithmica-0.1.8/Cargo.toml,erasan_crates/algorithmica-0.1.8/Cargo.toml,no_targets,ERASAN,0.24,0,ok,algorithmica-0.1.8,0,/tmp/seraph-deepsurf-round1-20260428-2045/algorithmica-0.1.8,erasan_crates/algorithmica-0.1.8/Cargo.toml,,,,,,,,,,,,,,,,,,,,,,
toodee-0.2.4,174.97,,4.15,0,ok,0.3,0,ok,67.96,0,ok,/tmp/deepSURF-main/dataset/erasan_crates/toodee-0.2.4/Cargo.toml,erasan_crates/toodee-0.2.4/Cargo.toml,validated,ERASAN,0.25,0,ok,toodee-0.2.4,9,/tmp/seraph-deepsurf-round1-20260428-2045/toodee-0.2.4,erasan_crates/toodee-0.2.4/Cargo.toml,0,failed,1.0,ok,1,[],[],102.31,0,ok,0.058823529411764705,0,0,1,0,ok,validated,api::toodee::ops::TooDeeOps::get_unchecked,toodee::ops::TooDeeOps::get_unchecked,4.95,,
http-0.1.19,495.22,,5.73,0,ok,0.39,0,ok,224.81,0,ok,/tmp/deepSURF-main/dataset/erasan_crates/http-0.1.19/Cargo.toml,erasan_crates/http-0.1.19/Cargo.toml,attempted,ERASAN,0.24,0,ok,http-0.1.19,6,/tmp/seraph-deepsurf-round1-20260428-2045/http-0.1.19,erasan_crates/http-0.1.19/Cargo.toml,0,failed,0.0,failed,0,[],[],264.05,0,ok,0.0,0,0,0,0,skipped,attempted,api::http::header::name::HeaderName::from_bytes,http::header::name::HeaderName::from_bytes,2.5,,
through-0.1.0,12.03,,0.49,0,ok,0.24,0,ok,11.06,0,ok,/tmp/deepSURF-main/dataset/erasan_crates/through-0.1.0/Cargo.toml,erasan_crates/through-0.1.0/Cargo.toml,no_targets,ERASAN,0.24,0,ok,through-0.1.0,0,/tmp/seraph-deepsurf-round1-20260428-2045/through-0.1.0,erasan_crates/through-0.1.0/Cargo.toml,,,,,,,,,,,,,,,,,,,,,,
string-interner-0.7.0,37.25,,5.62,0,ok,0.29,0,ok,31.09,0,ok,/tmp/deepSURF-main/dataset/erasan_crates/string-interner-0.7.0/Cargo.toml,erasan_crates/string-interner-0.7.0/Cargo.toml,no_targets,ERASAN,0.24,0,ok,string-interner-0.7.0,0,/tmp/seraph-deepsurf-round1-20260428-2045/string-interner-0.7.0,erasan_crates/string-interner-0.7.0/Cargo.toml,,,,,,,,,,,,,,,,,,,,,,
slice-deque-0.3.0,217.59,,0.95,0,ok,0.4,0,ok,83.81,0,ok,/tmp/deepSURF-main/dataset/erasan_crates/slice-deque-0.3.0/Cargo.toml,erasan_crates/slice-deque-0.3.0/Cargo.toml,attempted,ERASAN,0.25,0,ok,slice-deque-0.3.0,30,/tmp/seraph-deepsurf-rerun-slice-deque-0.3.0-20260428/slice-deque-0.3.0,erasan_crates/slice-deque-0.3.0/Cargo.toml,0,failed,0.0,failed,0,[],[],132.18,0,ok,0.0,0,0,0,0,skipped,attempted,api::slice_deque::SliceDeque::move_head_unchecked,slice_deque::SliceDeque::move_head_unchecked,3.7,,
simple-slab-0.3.2,67.63,,3.09,0,ok,0.24,0,ok,15.89,0,ok,/tmp/deepSURF-main/dataset/erasan_crates/simple-slab-0.3.2/Cargo.toml,erasan_crates/simple-slab-0.3.2/Cargo.toml,validated,ERASAN,0.24,0,ok,simple-slab-0.3.2,2,/tmp/seraph-deepsurf-round1-20260428-2045/simple-slab-0.3.2,erasan_crates/simple-slab-0.3.2/Cargo.toml,0,failed,1.0,ok,1,[],[],48.16,0,ok,0.16666666666666666,0,0,1,0,ok,validated,api::simple_slab::Slab::with_capacity,simple_slab::Slab::with_capacity,2.3,,
rdiff-0.1.2,100.42,,21.45,0,ok,0.23,0,ok,78.5,0,ok,/tmp/deepSURF-main/dataset/erasan_crates/rdiff-0.1.2/Cargo.toml,erasan_crates/rdiff-0.1.2/Cargo.toml,no_targets,ERASAN,0.24,0,ok,rdiff-0.1.2,0,/tmp/seraph-deepsurf-round1-20260428-2045/rdiff-0.1.2,erasan_crates/rdiff-0.1.2/Cargo.toml,,,,,,,,,,,,,,,,,,,,,,
qwutils-0.3.0,333.3,,2.37,0,ok,0.3,0,ok,330.4,0,ok,/tmp/deepSURF-main/dataset/erasan_crates/qwutils-0.3.0/Cargo.toml,erasan_crates/qwutils-0.3.0/Cargo.toml,no_targets,ERASAN,0.23,0,ok,qwutils-0.3.0,0,/tmp/seraph-deepsurf-round1-20260428-2045/qwutils-0.3.0,erasan_crates/qwutils-0.3.0/Cargo.toml,,,,,,,,,,,,,,,,,,,,,,
ordnung-0.0.1,180.89,,5.45,0,ok,0.24,0,ok,48.19,0,ok,/tmp/deepSURF-main/dataset/erasan_crates/ordnung-0.0.1/Cargo.toml,erasan_crates/ordnung-0.0.1/Cargo.toml,validated,ERASAN,0.24,0,ok,ordnung-0.0.1,3,/tmp/seraph-deepsurf-round1-20260428-2045/ordnung-0.0.1,erasan_crates/ordnung-0.0.1/Cargo.toml,0,failed,1.0,ok,1,[],[],126.78,0,ok,0.2,0,0,1,0,ok,validated,api::ordnung::Map::get,ordnung::Map::get,2.2,,
insert_many-0.1.1,29.76,,2.88,0,ok,0.24,0,ok,26.39,0,ok,/tmp/deepSURF-main/dataset/erasan_crates/insert_many-0.1.1/Cargo.toml,erasan_crates/insert_many-0.1.1/Cargo.toml,no_targets,ERASAN,0.24,0,ok,insert_many-0.1.1,0,/tmp/seraph-deepsurf-round1-20260428-2045/insert_many-0.1.1,erasan_crates/insert_many-0.1.1/Cargo.toml,,,,,,,,,,,,,,,,,,,,,,
futures-0.3.5,320.78,futures-task workspace member,47.39,0,ok,0.28,0,ok,219.03,0,ok,/tmp/deepSURF-main/dataset/erasan_crates/futures-0.3.5/futures-task/Cargo.toml,erasan_crates/futures-0.3.5/futures-task/Cargo.toml,attempted,ERASAN,0.24,0,ok,futures-0.3.5-futures-task,1,/tmp/seraph-deepsurf-round1-20260428-2045/futures-0.3.5-futures-task,erasan_crates/futures-0.3.5/futures-task/Cargo.toml,0,failed,0.0,failed,0,[],[],53.85,0,ok,0.0,0,0,0,0,skipped,attempted,api::futures_task::future_obj::LocalFutureObj::into_future_obj,futures_task::future_obj::LocalFutureObj::into_future_obj,3.55,,
futures-0.3.3,74.24,futures-task workspace member,2.31,0,ok,0.24,0,ok,25.56,0,ok,/tmp/deepSURF-main/dataset/erasan_crates/futures-0.3.3/futures-task/Cargo.toml,erasan_crates/futures-0.3.3/futures-task/Cargo.toml,validated,ERASAN,0.24,0,ok,futures-0.3.3-futures-task,1,/tmp/seraph-deepsurf-round1-20260428-2045/futures-0.3.3-futures-task,erasan_crates/futures-0.3.3/futures-task/Cargo.toml,0,failed,1.0,ok,1,[],[],45.89,0,ok,0.1111111111111111,0,0,1,0,ok,validated,api::futures_task::future_obj::LocalFutureObj::into_future_obj,futures_task::future_obj::LocalFutureObj::into_future_obj,3.55,,
endian_trait-0.6.0,16.11,,6.45,0,ok,0.24,0,ok,9.18,0,ok,/tmp/deepSURF-main/dataset/erasan_crates/endian_trait-0.6.0/Cargo.toml,erasan_crates/endian_trait-0.6.0/Cargo.toml,no_targets,ERASAN,0.24,0,ok,endian_trait-0.6.0,0,/tmp/seraph-deepsurf-round1-20260428-2045/endian_trait-0.6.0,erasan_crates/endian_trait-0.6.0/Cargo.toml,,,,,,,,,,,,,,,,,,,,,,
cbox-0.3.0,75.99,,2.1,0,ok,0.25,0,ok,31.66,0,ok,/tmp/deepSURF-main/dataset/erasan_crates/cbox-0.3.0/Cargo.toml,erasan_crates/cbox-0.3.0/Cargo.toml,attempted,ERASAN,0.24,0,ok,cbox-0.3.0,6,/tmp/seraph-deepsurf-round1-20260428-2045/cbox-0.3.0,erasan_crates/cbox-0.3.0/Cargo.toml,0,failed,0.0,failed,0,[],[],41.74,0,ok,0.0,0,0,0,0,skipped,attempted,api::cbox::CBox::as_semi,cbox::CBox::as_semi,2.3,,
bumpalo-3.11.0,196.25,,4.51,0,ok,0.26,0,ok,66.62,0,ok,/tmp/deepSURF-main/dataset/erasan_crates/bumpalo-3.11.0/Cargo.toml,erasan_crates/bumpalo-3.11.0/Cargo.toml,validated,ERASAN,0.23,0,ok,bumpalo-3.11.0,14,/tmp/seraph-deepsurf-round1-20260428-2045/bumpalo-3.11.0,erasan_crates/bumpalo-3.11.0/Cargo.toml,0,failed,1.0,ok,1,[],[],124.62,0,ok,0.3076923076923077,0,0,1,0,ok,validated,api::bumpalo::Bump::iter_allocated_chunks,bumpalo::Bump::iter_allocated_chunks,3.55,,
secp256k1-0.22.0,13.99,,13.99,1,failed,,,,,,,/tmp/deepSURF-main/dataset/erasan_crates/secp256k1-0.22.0/Cargo.toml,erasan_crates/secp256k1-0.22.0/Cargo.toml,extract_failed,ERASAN,,,,secp256k1-0.22.0,,/tmp/seraph-deepsurf-round1-20260428-2045/secp256k1-0.22.0,erasan_crates/secp256k1-0.22.0/Cargo.toml,,,,,,,,,,,,,,,,,,,,,"failed to extract knowledge from manifest: failed to parse rustdoc JSON: invalid type: map, expected a string at line 1 column 640256",extract
pnet_packet-0.26.0,12.78,,12.78,1,failed,,,,,,,/tmp/deepSURF-main/dataset/erasan_crates/pnet_packet-0.26.0/Cargo.toml,erasan_crates/pnet_packet-0.26.0/Cargo.toml,extract_failed,ERASAN,,,,pnet_packet-0.26.0,,/tmp/seraph-deepsurf-round1-20260428-2045/pnet_packet-0.26.0,erasan_crates/pnet_packet-0.26.0/Cargo.toml,,,,,,,,,,,,,,,,,,,,,  thread caused non-unwinding panic. aborting.,extract
rusqlite-0.26.1,631.7,,9.63,0,ok,0.39,0,ok,372.57,0,ok,/tmp/deepSURF-main/dataset/erasan_crates/rusqlite-0.26.1/Cargo.toml,erasan_crates/rusqlite-0.26.1/Cargo.toml,validated,ERASAN,0.24,0,ok,rusqlite-0.26.1,10,/tmp/seraph-deepsurf-round1-20260428-2045/rusqlite-0.26.1,erasan_crates/rusqlite-0.26.1/Cargo.toml,0,failed,1.0,ok,1,[],[],248.87,0,ok,0.12121212121212122,0,0,1,0,ok,validated,api::rusqlite::OpenFlags::from_bits_unchecked,rusqlite::OpenFlags::from_bits_unchecked,5.05,,
tokio-1.24.1,178.72,,0.71,0,ok,0.26,0,ok,58.26,0,ok,/tmp/deepSURF-main/dataset/erasan_crates/tokio-1.24.1/Cargo.toml,erasan_crates/tokio-1.24.1/Cargo.toml,attempted,ERASAN,0.24,0,ok,tokio-1.24.1,11,/tmp/seraph-deepsurf-rerun-tokio-1.24.1-20260428/tokio-1.24.1,erasan_crates/tokio-1.24.1/Cargo.toml,0,failed,0.0,failed,0,[],[],119.25,0,ok,0.0,0,0,0,0,skipped,attempted,api::tokio::io::read_buf::ReadBuf::assume_init,tokio::io::read_buf::ReadBuf::assume_init,3.45,,
arc-swap-1.0.0,96.28,,3.24,0,ok,0.29,0,ok,43.02,0,ok,/tmp/deepSURF-main/dataset/erasan_crates/arc-swap-1.0.0/Cargo.toml,erasan_crates/arc-swap-1.0.0/Cargo.toml,attempted,ERASAN,0.23,0,ok,arc-swap-1.0.0,2,/tmp/seraph-deepsurf-round1-20260428-2045/arc-swap-1.0.0,erasan_crates/arc-swap-1.0.0/Cargo.toml,0,failed,0.0,failed,0,[],[],49.5,0,ok,0.0,0,0,0,0,skipped,attempted,api::arc_swap::ArcSwapAny::load,arc_swap::ArcSwapAny::load,2.3,,
lru-0.6.6,71.8,,3.16,0,ok,0.25,0,ok,19.64,0,ok,/tmp/deepSURF-main/dataset/erasan_crates/lru-0.6.6/Cargo.toml,erasan_crates/lru-0.6.6/Cargo.toml,validated,ERASAN,0.24,0,ok,lru-0.6.6,9,/tmp/seraph-deepsurf-round1-20260428-2045/lru-0.6.6,erasan_crates/lru-0.6.6/Cargo.toml,0,failed,1.0,ok,1,[],[],48.5,0,ok,0.2631578947368421,0,0,1,0,ok,validated,api::lru::LruCache::iter,lru::LruCache::iter,2.3,,
nano_arena-0.5.2,66.35,,2.02,0,ok,0.24,0,ok,23.26,0,ok,/tmp/deepSURF-main/dataset/erasan_crates/nano_arena-0.5.2/Cargo.toml,erasan_crates/nano_arena-0.5.2/Cargo.toml,validated,ERASAN,0.24,0,ok,nano_arena-0.5.2,1,/tmp/seraph-deepsurf-round1-20260428-2045/nano_arena-0.5.2,erasan_crates/nano_arena-0.5.2/Cargo.toml,0,failed,1.0,ok,1,[],[],40.59,0,ok,0.3333333333333333,0,0,1,0,ok,validated,api::nano_arena::Arena::split_at,nano_arena::Arena::split_at,2.2,,
smallvec-0.6.6,406.62,,2.16,0,ok,0.35,0,ok,145.22,0,ok,/tmp/deepSURF-main/dataset/erasan_crates/smallvec-0.6.6/Cargo.toml,erasan_crates/smallvec-0.6.6/Cargo.toml,validated,ERASAN,0.24,0,ok,smallvec-0.6.6,13,/tmp/seraph-deepsurf-round1-20260428-2045/smallvec-0.6.6,erasan_crates/smallvec-0.6.6/Cargo.toml,0,failed,1.0,ok,1,[],[],258.65,0,ok,0.20588235294117646,0,0,1,0,ok,validated,api::smallvec::SmallVec::drain,smallvec::SmallVec::drain,2.3,,
smallvec-1.6.0,199.32,,1.58,0,ok,0.37,0,ok,130.75,0,ok,/tmp/deepSURF-main/dataset/erasan_crates/smallvec-1.6.0/Cargo.toml,erasan_crates/smallvec-1.6.0/Cargo.toml,validated,ERASAN,0.24,0,ok,smallvec-1.6.0,14,/tmp/seraph-deepsurf-round1-20260428-2045/smallvec-1.6.0,erasan_crates/smallvec-1.6.0/Cargo.toml,0,failed,1.0,ok,1,[],[],66.39,0,ok,0.08571428571428572,0,0,1,0,ok,validated,api::smallvec::SmallVec::drain,smallvec::SmallVec::drain,2.3,,
stack_dst-0.6.0,102.07,,0.53,0,ok,0.24,0,ok,18.28,0,ok,/tmp/deepSURF-main/dataset/erasan_crates/stack_dst-0.6.0/Cargo.toml,erasan_crates/stack_dst-0.6.0/Cargo.toml,attempted,ERASAN,0.24,0,ok,stack_dst-0.6.0,7,/tmp/seraph-deepsurf-round1-20260428-2045/stack_dst-0.6.0,erasan_crates/stack_dst-0.6.0/Cargo.toml,0,failed,0.0,failed,0,[],[],82.78,0,ok,0.0,0,0,0,0,skipped,attempted,api::stack_dst::value::ValueA::new_raw,stack_dst::value::ValueA::new_raw,3.3,,
stackvector-1.0.8,313.6,,8.1,0,ok,0.36,0,ok,250.31,0,ok,/tmp/deepSURF-main/dataset/erasan_crates/stackvector-1.0.8/Cargo.toml,erasan_crates/stackvector-1.0.8/Cargo.toml,validated,ERASAN,0.29,0,ok,stackvector-1.0.8,10,/tmp/seraph-deepsurf-round1-20260428-2045/stackvector-1.0.8,erasan_crates/stackvector-1.0.8/Cargo.toml,0,failed,1.0,ok,1,[],[],54.53,0,ok,0.21212121212121213,0,0,1,0,ok,validated,api::stackvector::StackVec::drain,stackvector::StackVec::drain,2.3,,
arenavec-0.1.1,120.76,,3.6,0,ok,0.26,0,ok,61.89,0,ok,/tmp/deepSURF-main/dataset/rustsan_crates/arenavec-0.1.1/Cargo.toml,rustsan_crates/arenavec-0.1.1/Cargo.toml,attempted,RUSTSAN,0.24,0,ok,arenavec-0.1.1,8,/tmp/seraph-deepsurf-round1-20260428-2045/arenavec-0.1.1,rustsan_crates/arenavec-0.1.1/Cargo.toml,0,failed,0.0,failed,0,[],[],54.75,0,ok,0.0,0,0,0,0,skipped,attempted,api::arenavec::common::SliceVec::split_off,arenavec::common::SliceVec::split_off,2.3,,
array-queue-0.3.3,54.58,,0.57,0,ok,0.24,0,ok,16.74,0,ok,/tmp/deepSURF-main/dataset/rustsan_crates/array-queue-0.3.3/Cargo.toml,rustsan_crates/array-queue-0.3.3/Cargo.toml,validated,RUSTSAN,0.24,0,ok,array-queue-0.3.3,3,/tmp/seraph-deepsurf-round1-20260428-2045/array-queue-0.3.3,rustsan_crates/array-queue-0.3.3/Cargo.toml,0,failed,1.0,ok,1,[],[],36.78,0,ok,0.0,0,0,1,0,ok,validated,api::array_queue::array_queue::ArrayQueue::new,array_queue::array_queue::ArrayQueue::new,2.3,,
base64-0.5.1,65.88,,1.5,0,ok,0.25,0,ok,11.03,0,ok,/tmp/deepSURF-main/dataset/rustsan_crates/base64-0.5.1/Cargo.toml,rustsan_crates/base64-0.5.1/Cargo.toml,attempted,RUSTSAN,0.24,0,ok,base64-0.5.1,1,/tmp/seraph-deepsurf-round1-20260428-2045/base64-0.5.1,rustsan_crates/base64-0.5.1/Cargo.toml,0,failed,0.0,failed,0,[],[],52.86,0,ok,0.0,0,0,0,0,skipped,attempted,api::base64::encode_config_buf,base64::encode_config_buf,2.2,,
bumpalo-3.2.0,81.01,,1.99,0,ok,0.3,0,ok,30.03,0,ok,/tmp/deepSURF-main/dataset/rustsan_crates/bumpalo-3.2.0/Cargo.toml,rustsan_crates/bumpalo-3.2.0/Cargo.toml,validated,RUSTSAN,0.24,0,ok,bumpalo-3.2.0,8,/tmp/seraph-deepsurf-round1-20260428-2045/bumpalo-3.2.0,rustsan_crates/bumpalo-3.2.0/Cargo.toml,0,failed,1.0,ok,1,[],[],48.43,0,ok,0.26666666666666666,0,0,1,0,ok,validated,api::bumpalo::Bump::with_capacity,bumpalo::Bump::with_capacity,2.3,,
chttp-0.1.2,18.32,,18.32,1,failed,,,,,,,/tmp/deepSURF-main/dataset/rustsan_crates/chttp-0.1.2/Cargo.toml,rustsan_crates/chttp-0.1.2/Cargo.toml,extract_failed,RUSTSAN,,,,chttp-0.1.2,,/tmp/seraph-deepsurf-round1-20260428-2045/chttp-0.1.2,rustsan_crates/chttp-0.1.2/Cargo.toml,,,,,,,,,,,,,,,,,,,,,"  error occurred in cc-rs: command did not execute successfully (status code exit status: 1): LC_ALL=""C"" ""cc"" ""-O0"" ""-ffunction-sections"" ""-fdata-sections"" ""-fPIC"" ""-g"" ""-gdwarf-4"" ""-fno-omit-frame-pointer"" ""-m64"" ""-I"" ""curl/lib"" ""-I"" ""curl/include"" ""-I"" ""/usr/include"" ""-I"" ""/usr/include"" ""-w"" ""-fvisibility=hidden"" ""-DBUILDING_LIBCURL"" ""-DCURL_DISABLE_DICT"" ""-DCURL_DISABLE_GOPHER"" ""-DCURL_DISABLE_",extract
flatbuffers-0.8.0,6.04,,6.04,1,failed,,,,,,,/tmp/deepSURF-main/dataset/rustsan_crates/flatbuffers-0.8.0/Cargo.toml,rustsan_crates/flatbuffers-0.8.0/Cargo.toml,extract_failed,RUSTSAN,,,,flatbuffers-0.8.0,,/tmp/seraph-deepsurf-round1-20260428-2045/flatbuffers-0.8.0,rustsan_crates/flatbuffers-0.8.0/Cargo.toml,,,,,,,,,,,,,,,,,,,,,"failed to extract knowledge from manifest: failed to parse rustdoc JSON: invalid type: map, expected a string at line 1 column 407276",extract
generic-array-0.13.2,108.14,,5.21,0,ok,0.24,0,ok,25.96,0,ok,/tmp/deepSURF-main/dataset/rustsan_crates/generic-array-0.13.2/Cargo.toml,rustsan_crates/generic-array-0.13.2/Cargo.toml,validated,RUSTSAN,0.24,0,ok,generic-array-0.13.2,1,/tmp/seraph-deepsurf-round1-20260428-2045/generic-array-0.13.2,rustsan_crates/generic-array-0.13.2/Cargo.toml,0,failed,1.0,ok,1,[],[],76.48,0,ok,0.0,0,0,1,0,ok,validated,api::generic_array::GenericArray::from_exact_iter,generic_array::GenericArray::from_exact_iter,2.3,,
id-map-0.2.1,107.4,,4.22,0,ok,0.26,0,ok,42.45,0,ok,/tmp/deepSURF-main/dataset/rustsan_crates/id-map-0.2.1/Cargo.toml,rustsan_crates/id-map-0.2.1/Cargo.toml,bug,RUSTSAN,0.24,0,ok,id-map-0.2.1,4,/tmp/seraph-deepsurf-round1-20260428-2045/id-map-0.2.1,rustsan_crates/id-map-0.2.1/Cargo.toml,0,failed,1.0,ok,1,"[""api::id_map::IdMap::into_iter""]",[],60.22,0,ok,0.25,1,1,0,0,bug,validated,api::id_map::IdMap::into_iter,id_map::IdMap::into_iter,2.3,,
safe-transmute-0.10.0,103.97,,0.57,0,ok,0.31,0,ok,37.61,0,ok,/tmp/deepSURF-main/dataset/rustsan_crates/safe-transmute-0.10.0/Cargo.toml,rustsan_crates/safe-transmute-0.10.0/Cargo.toml,validated,RUSTSAN,0.24,0,ok,safe-transmute-0.10.0,28,/tmp/seraph-deepsurf-round1-20260428-2045/safe-transmute-0.10.0,rustsan_crates/safe-transmute-0.10.0/Cargo.toml,0,failed,1.0,ok,1,[],[],65.24,0,ok,0.0,0,0,1,0,ok,validated,api::safe_transmute::bool::guarded_transmute_bool_pedantic,safe_transmute::bool::guarded_transmute_bool_pedantic,2.2,,
scratchpad-1.3.0,546.42,,4.61,0,ok,0.42,0,ok,102.44,0,ok,/tmp/deepSURF-main/dataset/rustsan_crates/scratchpad-1.3.0/Cargo.toml,rustsan_crates/scratchpad-1.3.0/Cargo.toml,attempted,RUSTSAN,0.24,0,ok,scratchpad-1.3.0,31,/tmp/seraph-deepsurf-round1-20260428-2045/scratchpad-1.3.0,rustsan_crates/scratchpad-1.3.0/Cargo.toml,0,failed,0.0,failed,0,[],[],438.71,0,ok,0.0,0,0,0,0,skipped,attempted,api::scratchpad::allocation::Allocation::concat_unchecked,scratchpad::allocation::Allocation::concat_unchecked,5.05,,
sized-chunks-0.6.2,164.83,,4.28,0,ok,0.36,0,ok,57.4,0,ok,/tmp/deepSURF-main/dataset/rustsan_crates/sized-chunks-0.6.2/Cargo.toml,rustsan_crates/sized-chunks-0.6.2/Cargo.toml,attempted,RUSTSAN,0.24,0,ok,sized-chunks-0.6.2,26,/tmp/seraph-deepsurf-round1-20260428-2045/sized-chunks-0.6.2,rustsan_crates/sized-chunks-0.6.2/Cargo.toml,0,failed,0.0,failed,0,[],[],102.55,0,ok,0.0,0,0,0,0,skipped,attempted,api::sized_chunks::sparse_chunk::SparseChunk::get_unchecked,sized_chunks::sparse_chunk::SparseChunk::get_unchecked,4.95,,
slice-deque-0.1.15,220.77,,2.79,0,ok,0.37,0,ok,101.07,0,ok,/tmp/deepSURF-main/dataset/rustsan_crates/slice-deque-0.1.15/Cargo.toml,rustsan_crates/slice-deque-0.1.15/Cargo.toml,attempted,RUSTSAN,0.25,0,ok,slice-deque-0.1.15,29,/tmp/seraph-deepsurf-round1-20260428-2045/slice-deque-0.1.15,rustsan_crates/slice-deque-0.1.15/Cargo.toml,0,failed,0.0,failed,0,[],[],116.28,0,ok,0.0,0,0,0,0,skipped,attempted,api::slice_deque::SliceDeque::move_head_unchecked,slice_deque::SliceDeque::move_head_unchecked,3.7,,
smallvec-0.6.1,163.08,,2.13,0,ok,0.29,0,ok,50.08,0,ok,/tmp/deepSURF-main/dataset/rustsan_crates/smallvec-0.6.1/Cargo.toml,rustsan_crates/smallvec-0.6.1/Cargo.toml,attempted,RUSTSAN,0.24,0,ok,smallvec-0.6.1,12,/tmp/seraph-deepsurf-round1-20260428-2045/smallvec-0.6.1,rustsan_crates/smallvec-0.6.1/Cargo.toml,0,failed,0.0,failed,0,[],[],110.34,0,ok,0.0,0,0,0,0,skipped,attempted,api::smallvec::SmallVec::drain,smallvec::SmallVec::drain,2.3,,
smallvec-0.6.3,121.81,,2.28,0,ok,0.29,0,ok,38.51,0,ok,/tmp/deepSURF-main/dataset/rustsan_crates/smallvec-0.6.3/Cargo.toml,rustsan_crates/smallvec-0.6.3/Cargo.toml,attempted,RUSTSAN,0.24,0,ok,smallvec-0.6.3,12,/tmp/seraph-deepsurf-round1-20260428-2045/smallvec-0.6.3,rustsan_crates/smallvec-0.6.3/Cargo.toml,0,failed,0.0,failed,0,[],[],80.48,0,ok,0.0,0,0,0,0,skipped,attempted,api::smallvec::SmallVec::drain,smallvec::SmallVec::drain,2.3,,
stack-0.3.0,129.65,,2.66,0,ok,0.29,0,ok,50.6,0,ok,/tmp/deepSURF-main/dataset/rustsan_crates/stack-0.3.0/Cargo.toml,rustsan_crates/stack-0.3.0/Cargo.toml,attempted,RUSTSAN,0.24,0,ok,stack-0.3.0,12,/tmp/seraph-deepsurf-round1-20260428-2045/stack-0.3.0,rustsan_crates/stack-0.3.0/Cargo.toml,0,failed,0.0,failed,0,[],[],75.86,0,ok,0.0,0,0,0,0,skipped,attempted,api::stack::array_vec::ArrayVec::into_inner,stack::array_vec::ArrayVec::into_inner,2.3,,
sys-info-0.7.0,83.07,,2.89,0,ok,0.26,0,ok,22.82,0,ok,/tmp/deepSURF-main/dataset/rustsan_crates/sys-info-0.7.0/Cargo.toml,rustsan_crates/sys-info-0.7.0/Cargo.toml,validated,RUSTSAN,0.24,0,ok,sys-info-0.7.0,10,/tmp/seraph-deepsurf-round1-20260428-2045/sys-info-0.7.0,rustsan_crates/sys-info-0.7.0/Cargo.toml,0,failed,1.0,ok,1,[],[],56.86,0,ok,0.4,0,0,1,0,ok,validated,api::sys_info::disk_info,sys_info::disk_info,2.3,,
bincode-2.0.0-rc.3,4.42,,4.42,1,failed,,,,,,,/tmp/deepSURF-main/dataset/rug_crates/bincode-2.0.0-rc.3/Cargo.toml,rug_crates/bincode-2.0.0-rc.3/Cargo.toml,extract_failed,RUG,,,,bincode-2.0.0-rc.3,,/tmp/seraph-deepsurf-round1-20260428-2045/bincode-2.0.0-rc.3,rug_crates/bincode-2.0.0-rc.3/Cargo.toml,,,,,,,,,,,,,,,,,,,,,"failed to extract knowledge from manifest: failed to parse rustdoc JSON: invalid type: map, expected a string at line 1 column 192817",extract
chrono-0.5.0-alpha.1,313.41,,4.03,0,ok,0.29,0,ok,308.83,0,ok,/tmp/deepSURF-main/dataset/rug_crates/chrono-0.5.0-alpha.1/Cargo.toml,rug_crates/chrono-0.5.0-alpha.1/Cargo.toml,no_targets,RUG,0.26,0,ok,chrono-0.5.0-alpha.1,0,/tmp/seraph-deepsurf-round1-20260428-2045/chrono-0.5.0-alpha.1,rug_crates/chrono-0.5.0-alpha.1/Cargo.toml,,,,,,,,,,,,,,,,,,,,,,
hashes,22.28,hashes workspace member,6.08,0,ok,0.24,0,ok,15.72,0,ok,/tmp/deepSURF-main/dataset/rug_crates/hashes/blake2/Cargo.toml,rug_crates/hashes/blake2/Cargo.toml,no_targets,RUG,0.24,0,ok,hashes-blake2,0,/tmp/seraph-deepsurf-round1-20260428-2045/hashes-blake2,rug_crates/hashes/blake2/Cargo.toml,,,,,,,,,,,,,,,,,,,,,,
hashes,9.24,hashes workspace member,0.76,0,ok,0.24,0,ok,8.0,0,ok,/tmp/deepSURF-main/dataset/rug_crates/hashes/sha2/Cargo.toml,rug_crates/hashes/sha2/Cargo.toml,no_targets,RUG,0.24,0,ok,hashes-sha2,0,/tmp/seraph-deepsurf-round1-20260428-2045/hashes-sha2,rug_crates/hashes/sha2/Cargo.toml,,,,,,,,,,,,,,,,,,,,,,
itoa-1.0.6,153.85,,3.17,0,ok,0.24,0,ok,14.63,0,ok,/tmp/deepSURF-main/dataset/rug_crates/itoa-1.0.6/Cargo.toml,rug_crates/itoa-1.0.6/Cargo.toml,attempted,RUG,0.24,0,ok,itoa-1.0.6,1,/tmp/seraph-deepsurf-round1-20260428-2045/itoa-1.0.6,rug_crates/itoa-1.0.6/Cargo.toml,0,failed,0.0,failed,0,[],[],135.58,0,ok,0.0,0,0,0,0,skipped,attempted,api::itoa::Buffer::format,itoa::Buffer::format,2.2,,
serde_json-1.0.96,394.03,,7.98,0,ok,0.31,0,ok,158.7,0,ok,/tmp/deepSURF-main/dataset/rug_crates/serde_json-1.0.96/Cargo.toml,rug_crates/serde_json-1.0.96/Cargo.toml,attempted,RUG,0.24,0,ok,serde_json-1.0.96,2,/tmp/seraph-deepsurf-round1-20260428-2045/serde_json-1.0.96,rug_crates/serde_json-1.0.96/Cargo.toml,0,failed,0.0,failed,0,[],[],226.78,0,ok,0.0,0,0,0,0,skipped,attempted,api::serde_json::ser::to_string,serde_json::ser::to_string,2.2,,
nom-7.1.2,572.71,,6.53,0,ok,0.32,0,ok,565.62,0,ok,/tmp/deepSURF-main/dataset/rug_crates/nom-7.1.2/Cargo.toml,rug_crates/nom-7.1.2/Cargo.toml,no_targets,RUG,0.25,0,ok,nom-7.1.2,0,/tmp/seraph-deepsurf-round1-20260428-2045/nom-7.1.2,rug_crates/nom-7.1.2/Cargo.toml,,,,,,,,,,,,,,,,,,,,,,
num-traits-0.2.15,473.99,,3.32,0,ok,0.31,0,ok,470.11,0,ok,/tmp/deepSURF-main/dataset/rug_crates/num-traits-0.2.15/Cargo.toml,rug_crates/num-traits-0.2.15/Cargo.toml,no_targets,RUG,0.24,0,ok,num-traits-0.2.15,0,/tmp/seraph-deepsurf-round1-20260428-2045/num-traits-0.2.15,rug_crates/num-traits-0.2.15/Cargo.toml,,,,,,,,,,,,,,,,,,,,,,
crc32fast-1.3.2,27.71,,3.93,0,ok,0.24,0,ok,23.29,0,ok,/tmp/deepSURF-main/dataset/rug_crates/crc32fast-1.3.2/Cargo.toml,rug_crates/crc32fast-1.3.2/Cargo.toml,no_targets,RUG,0.24,0,ok,crc32fast-1.3.2,0,/tmp/seraph-deepsurf-round1-20260428-2045/crc32fast-1.3.2,rug_crates/crc32fast-1.3.2/Cargo.toml,,,,,,,,,,,,,,,,,,,,,,
ryu-1.0.13,141.77,,3.62,0,ok,0.24,0,ok,14.73,0,ok,/tmp/deepSURF-main/dataset/rug_crates/ryu-1.0.13/Cargo.toml,rug_crates/ryu-1.0.13/Cargo.toml,validated,RUG,0.24,0,ok,ryu-1.0.13,3,/tmp/seraph-deepsurf-round1-20260428-2045/ryu-1.0.13,rug_crates/ryu-1.0.13/Cargo.toml,0,failed,1.0,ok,1,[],[],122.94,0,ok,0.0,0,0,1,0,ok,validated,api::ryu::pretty::format32,ryu::pretty::format32,4.35,,
semver-1.0.17,176.71,,2.66,0,ok,0.28,0,ok,173.53,0,ok,/tmp/deepSURF-main/dataset/rug_crates/semver-1.0.17/Cargo.toml,rug_crates/semver-1.0.17/Cargo.toml,no_targets,RUG,0.24,0,ok,semver-1.0.17,0,/tmp/seraph-deepsurf-round1-20260428-2045/semver-1.0.17,rug_crates/semver-1.0.17/Cargo.toml,,,,,,,,,,,,,,,,,,,,,,
time,314.85,time workspace member,9.6,0,ok,,,,305.25,2,failed,/tmp/deepSURF-main/dataset/rug_crates/time/time/Cargo.toml,rug_crates/time/time/Cargo.toml,index_failed,RUG,,,,time,,/tmp/seraph-deepsurf-round1-20260428-2045/time,rug_crates/time/time/Cargo.toml,,,,,,,,,,,,,,,,,,,,,command exited with status exit status: 1,index
uuid-1.4.0,257.26,,3.78,0,ok,0.27,0,ok,120.14,0,ok,/tmp/deepSURF-main/dataset/rug_crates/uuid-1.4.0/Cargo.toml,rug_crates/uuid-1.4.0/Cargo.toml,validated,RUG,0.24,0,ok,uuid-1.4.0,5,/tmp/seraph-deepsurf-round1-20260428-2045/uuid-1.4.0,rug_crates/uuid-1.4.0/Cargo.toml,0,failed,1.0,ok,1,[],[],132.83,0,ok,0.05555555555555555,0,0,1,0,ok,validated,api::uuid::Uuid::from_bytes_ref,uuid::Uuid::from_bytes_ref,2.4,,
integer-encoding-3.0.4,70.81,,2.9,0,ok,0.23,0,ok,21.79,0,ok,/tmp/deepSURF-main/dataset/crabtree_crates/integer-encoding-3.0.4/Cargo.toml,crabtree_crates/integer-encoding-3.0.4/Cargo.toml,validated,CRABTREE,0.24,0,ok,integer-encoding-3.0.4,1,/tmp/seraph-deepsurf-round1-20260428-2045/integer-encoding-3.0.4,crabtree_crates/integer-encoding-3.0.4/Cargo.toml,0,failed,1.0,ok,1,[],[],45.65,0,ok,0.0,0,0,1,0,ok,validated,api::integer_encoding::fixed::FixedInt::switch_endianness,integer_encoding::fixed::FixedInt::switch_endianness,2.1,,
sparsey-0.7.0,6.73,,6.73,1,failed,,,,,,,/tmp/deepSURF-main/dataset/crabtree_crates/sparsey-0.7.0/Cargo.toml,crabtree_crates/sparsey-0.7.0/Cargo.toml,extract_failed,CRABTREE,,,,sparsey-0.7.0,,/tmp/seraph-deepsurf-round1-20260428-2045/sparsey-0.7.0,crabtree_crates/sparsey-0.7.0/Cargo.toml,,,,,,,,,,,,,,,,,,,,,"failed to extract knowledge from manifest: failed to parse rustdoc JSON: invalid type: map, expected a string at line 1 column 673",extract
oxidebpf-0.2.3,107.71,,11.08,0,ok,0.26,0,ok,29.54,0,ok,/tmp/deepSURF-main/dataset/crabtree_crates/oxidebpf-0.2.3/Cargo.toml,crabtree_crates/oxidebpf-0.2.3/Cargo.toml,validated,CRABTREE,0.24,0,ok,oxidebpf-0.2.3,5,/tmp/seraph-deepsurf-round1-20260428-2045/oxidebpf-0.2.3,crabtree_crates/oxidebpf-0.2.3/Cargo.toml,0,failed,1.0,ok,1,[],[],66.6,0,ok,0.0,0,0,1,0,ok,validated,api::oxidebpf::maps::ArrayMap::new,oxidebpf::maps::ArrayMap::new,3.65,,
leapfrog-0.2.1,191.73,,9.48,0,ok,0.26,0,ok,77.13,0,ok,/tmp/deepSURF-main/dataset/crabtree_crates/leapfrog-0.2.1/Cargo.toml,crabtree_crates/leapfrog-0.2.1/Cargo.toml,attempted,CRABTREE,0.24,0,ok,leapfrog-0.2.1,1,/tmp/seraph-deepsurf-round1-20260428-2045/leapfrog-0.2.1,crabtree_crates/leapfrog-0.2.1/Cargo.toml,0,failed,0.0,failed,0,[],[],104.62,0,ok,0.0,0,0,0,0,skipped,attempted,api::leapfrog::util::load_u64_le,leapfrog::util::load_u64_le,2.1,,
fixedbitset-0.4.1,146.29,,2.24,0,ok,0.26,0,ok,44.95,0,ok,/tmp/deepSURF-main/dataset/crabtree_crates/fixedbitset-0.4.1/Cargo.toml,crabtree_crates/fixedbitset-0.4.1/Cargo.toml,attempted,CRABTREE,0.24,0,ok,fixedbitset-0.4.1,9,/tmp/seraph-deepsurf-round1-20260428-2045/fixedbitset-0.4.1,crabtree_crates/fixedbitset-0.4.1/Cargo.toml,0,failed,0.0,failed,0,[],[],98.6,0,ok,0.0,0,0,0,0,skipped,attempted,api::fixedbitset::FixedBitSet::with_capacity_and_blocks,fixedbitset::FixedBitSet::with_capacity_and_blocks,2.3,,
roaring-0.10.1,300.16,,6.2,0,ok,0.25,0,ok,95.35,0,ok,/tmp/deepSURF-main/dataset/crabtree_crates/roaring-0.10.1/Cargo.toml,crabtree_crates/roaring-0.10.1/Cargo.toml,validated,CRABTREE,0.24,0,ok,roaring-0.10.1,1,/tmp/seraph-deepsurf-round1-20260428-2045/roaring-0.10.1,crabtree_crates/roaring-0.10.1/Cargo.toml,0,failed,1.0,ok,1,[],[],198.12,0,ok,0.20689655172413793,0,0,1,0,ok,validated,api::roaring::bitmap::RoaringBitmap::rank,roaring::bitmap::RoaringBitmap::rank,2.2,,
triomphe-0.1.6,198.77,,3.86,0,ok,0.37,0,ok,97.59,0,ok,/tmp/deepSURF-main/dataset/crabtree_crates/triomphe-0.1.6/Cargo.toml,crabtree_crates/triomphe-0.1.6/Cargo.toml,validated,CRABTREE,0.24,0,ok,triomphe-0.1.6,21,/tmp/seraph-deepsurf-round1-20260428-2045/triomphe-0.1.6,crabtree_crates/triomphe-0.1.6/Cargo.toml,0,failed,1.0,ok,1,[],[],96.7,0,ok,0.1111111111111111,0,0,1,0,ok,validated,api::triomphe::thin_arc::ThinArc::from_raw,triomphe::thin_arc::ThinArc::from_raw,4.55,,
sharded-slab-0.1.4,122.98,,3.21,0,ok,0.26,0,ok,64.38,0,ok,/tmp/deepSURF-main/dataset/crabtree_crates/sharded-slab-0.1.4/Cargo.toml,crabtree_crates/sharded-slab-0.1.4/Cargo.toml,validated,CRABTREE,0.24,0,ok,sharded-slab-0.1.4,2,/tmp/seraph-deepsurf-round1-20260428-2045/sharded-slab-0.1.4,crabtree_crates/sharded-slab-0.1.4/Cargo.toml,0,failed,1.0,ok,1,[],[],54.89,0,ok,0.46153846153846156,0,0,1,0,ok,validated,api::sharded_slab::pool::OwnedRefMut::downgrade,sharded_slab::pool::OwnedRefMut::downgrade,2.3,,
