dataset_entry,elapsed_seconds,expanded_from,extract_elapsed_seconds,extract_return_code,extract_status,graph_elapsed_seconds,graph_return_code,graph_status,index_elapsed_seconds,index_return_code,index_status,manifest_path,manifest_rel_path,outcome,source_group,targets_elapsed_seconds,targets_return_code,targets_status,unit_name,unsafe_target_count,workspace_dir,workunit_key,compile_failed_crates,compile_failed_target_kinds,compile_failure_kind,compile_ok_count,compile_status,coverage_rate,fix_status,fix_success_count,found_bugs,needs_review,phase3_run_elapsed_seconds,phase3_run_return_code,phase3_run_status,related_coverage_rate,runtime_issue_count,smoke_bug_count,smoke_ok_count,smoke_review_count,smoke_status,top_api_status,top_target_api_id,top_target_path,top_target_score,error_message,error_stage
algorithmica-0.1.8,51.4,,0.58,0,ok,0.27,0,ok,50.3,0,ok,/tmp/deepSURF-main/dataset/erasan_crates/algorithmica-0.1.8/Cargo.toml,erasan_crates/algorithmica-0.1.8/Cargo.toml,no_targets,ERASAN,0.25,0,ok,algorithmica-0.1.8,0,/tmp/seraph-deepsurf-round1-fullrerun-20260429/algorithmica-0.1.8,erasan_crates/algorithmica-0.1.8/Cargo.toml,,,,,,,,,,,,,,,,,,,,,,,,,
toodee-0.2.4,175.17,,0.62,0,ok,0.31,0,ok,83.5,0,ok,/tmp/deepSURF-main/dataset/erasan_crates/toodee-0.2.4/Cargo.toml,erasan_crates/toodee-0.2.4/Cargo.toml,validated,ERASAN,0.25,0,ok,toodee-0.2.4,9,/tmp/seraph-deepsurf-round1-fullrerun-20260429/toodee-0.2.4,erasan_crates/toodee-0.2.4/Cargo.toml,[],[],,1,ok,1.0,ok,0,[],[],90.49,0,ok,0.045454545454545456,0,0,1,0,ok,validated,api::toodee::ops::TooDeeOps::get_unchecked,toodee::ops::TooDeeOps::get_unchecked,4.95,,
http-0.1.19,399.19,,1.69,0,ok,0.39,0,ok,158.58,0,ok,/tmp/deepSURF-main/dataset/erasan_crates/http-0.1.19/Cargo.toml,erasan_crates/http-0.1.19/Cargo.toml,crate_build_failed,ERASAN,0.24,0,ok,http-0.1.19,6,/tmp/seraph-deepsurf-round1-fullrerun-20260429/http-0.1.19,erasan_crates/http-0.1.19/Cargo.toml,"[""http""]","[""lib""]",crate_build_failed,0,failed,0.0,failed,0,[],[],238.29,0,ok,0.0,0,0,0,0,skipped,attempted,api::http::header::name::HeaderName::from_bytes,http::header::name::HeaderName::from_bytes,2.5,,
through-0.1.0,24.01,,0.45,0,ok,0.24,0,ok,23.08,0,ok,/tmp/deepSURF-main/dataset/erasan_crates/through-0.1.0/Cargo.toml,erasan_crates/through-0.1.0/Cargo.toml,no_targets,ERASAN,0.24,0,ok,through-0.1.0,0,/tmp/seraph-deepsurf-round1-fullrerun-20260429/through-0.1.0,erasan_crates/through-0.1.0/Cargo.toml,,,,,,,,,,,,,,,,,,,,,,,,,
string-interner-0.7.0,40.43,,0.54,0,ok,0.29,0,ok,39.36,0,ok,/tmp/deepSURF-main/dataset/erasan_crates/string-interner-0.7.0/Cargo.toml,erasan_crates/string-interner-0.7.0/Cargo.toml,no_targets,ERASAN,0.24,0,ok,string-interner-0.7.0,0,/tmp/seraph-deepsurf-round1-fullrerun-20260429/string-interner-0.7.0,erasan_crates/string-interner-0.7.0/Cargo.toml,,,,,,,,,,,,,,,,,,,,,,,,,
slice-deque-0.3.0,205.12,,0.88,0,ok,0.4,0,ok,113.47,0,ok,/tmp/deepSURF-main/dataset/erasan_crates/slice-deque-0.3.0/Cargo.toml,erasan_crates/slice-deque-0.3.0/Cargo.toml,crate_build_failed,ERASAN,0.24,0,ok,slice-deque-0.3.0,30,/tmp/seraph-deepsurf-round1-fullrerun-20260429/slice-deque-0.3.0,erasan_crates/slice-deque-0.3.0/Cargo.toml,"[""slice-deque""]","[""lib""]",crate_build_failed,0,failed,0.0,failed,0,[],[],90.13,0,ok,0.0,0,0,0,0,skipped,attempted,api::slice_deque::SliceDeque::move_head_unchecked,slice_deque::SliceDeque::move_head_unchecked,3.7,,
simple-slab-0.3.2,53.92,,0.49,0,ok,0.24,0,ok,28.28,0,ok,/tmp/deepSURF-main/dataset/erasan_crates/simple-slab-0.3.2/Cargo.toml,erasan_crates/simple-slab-0.3.2/Cargo.toml,validated,ERASAN,0.24,0,ok,simple-slab-0.3.2,2,/tmp/seraph-deepsurf-round1-fullrerun-20260429/simple-slab-0.3.2,erasan_crates/simple-slab-0.3.2/Cargo.toml,[],[],,1,ok,1.0,ok,0,[],[],24.66,0,ok,0.5,0,0,1,0,ok,validated,api::simple_slab::Slab::with_capacity,simple_slab::Slab::with_capacity,2.3,,
rdiff-0.1.2,26.3,,0.57,0,ok,0.24,0,ok,25.25,0,ok,/tmp/deepSURF-main/dataset/erasan_crates/rdiff-0.1.2/Cargo.toml,erasan_crates/rdiff-0.1.2/Cargo.toml,no_targets,ERASAN,0.24,0,ok,rdiff-0.1.2,0,/tmp/seraph-deepsurf-round1-fullrerun-20260429/rdiff-0.1.2,erasan_crates/rdiff-0.1.2/Cargo.toml,,,,,,,,,,,,,,,,,,,,,,,,,
qwutils-0.3.0,92.26,,0.75,0,ok,0.27,0,ok,90.99,0,ok,/tmp/deepSURF-main/dataset/erasan_crates/qwutils-0.3.0/Cargo.toml,erasan_crates/qwutils-0.3.0/Cargo.toml,no_targets,ERASAN,0.25,0,ok,qwutils-0.3.0,0,/tmp/seraph-deepsurf-round1-fullrerun-20260429/qwutils-0.3.0,erasan_crates/qwutils-0.3.0/Cargo.toml,,,,,,,,,,,,,,,,,,,,,,,,,
ordnung-0.0.1,94.26,,0.52,0,ok,0.25,0,ok,33.27,0,ok,/tmp/deepSURF-main/dataset/erasan_crates/ordnung-0.0.1/Cargo.toml,erasan_crates/ordnung-0.0.1/Cargo.toml,validated,ERASAN,0.24,0,ok,ordnung-0.0.1,3,/tmp/seraph-deepsurf-round1-fullrerun-20260429/ordnung-0.0.1,erasan_crates/ordnung-0.0.1/Cargo.toml,[],[],,1,ok,1.0,ok,0,[],[],59.98,0,ok,0.26666666666666666,0,0,1,0,ok,validated,api::ordnung::Map::get,ordnung::Map::get,2.2,,
insert_many-0.1.1,12.01,,0.77,0,ok,0.24,0,ok,10.77,0,ok,/tmp/deepSURF-main/dataset/erasan_crates/insert_many-0.1.1/Cargo.toml,erasan_crates/insert_many-0.1.1/Cargo.toml,no_targets,ERASAN,0.24,0,ok,insert_many-0.1.1,0,/tmp/seraph-deepsurf-round1-fullrerun-20260429/insert_many-0.1.1,erasan_crates/insert_many-0.1.1/Cargo.toml,,,,,,,,,,,,,,,,,,,,,,,,,
futures-0.3.5,132.76,futures-task workspace member,0.53,0,ok,0.24,0,ok,52.09,0,ok,/tmp/deepSURF-main/dataset/erasan_crates/futures-0.3.5/futures-task/Cargo.toml,erasan_crates/futures-0.3.5/futures-task/Cargo.toml,validated,ERASAN,0.24,0,ok,futures-0.3.5-futures-task,1,/tmp/seraph-deepsurf-round1-fullrerun-20260429/futures-0.3.5-futures-task,erasan_crates/futures-0.3.5/futures-task/Cargo.toml,"[""harness_001_01""]","[""bin \""harness_001_01\""""]",harness_compile_failed,0,failed,1.0,ok,1,[],[],79.66,0,ok,0.0,0,0,1,0,ok,validated,api::futures_task::future_obj::LocalFutureObj::into_future_obj,futures_task::future_obj::LocalFutureObj::into_future_obj,3.55,,
futures-0.3.3,156.11,futures-task workspace member,0.51,0,ok,0.26,0,ok,68.92,0,ok,/tmp/deepSURF-main/dataset/erasan_crates/futures-0.3.3/futures-task/Cargo.toml,erasan_crates/futures-0.3.3/futures-task/Cargo.toml,validated,ERASAN,0.24,0,ok,futures-0.3.3-futures-task,1,/tmp/seraph-deepsurf-round1-fullrerun-20260429/futures-0.3.3-futures-task,erasan_crates/futures-0.3.3/futures-task/Cargo.toml,"[""harness_001_01""]","[""bin \""harness_001_01\""""]",harness_compile_failed,0,failed,1.0,ok,1,[],[],86.18,0,ok,0.0,0,0,1,0,ok,validated,api::futures_task::future_obj::LocalFutureObj::into_future_obj,futures_task::future_obj::LocalFutureObj::into_future_obj,3.55,,
endian_trait-0.6.0,51.51,,0.47,0,ok,0.24,0,ok,50.56,0,ok,/tmp/deepSURF-main/dataset/erasan_crates/endian_trait-0.6.0/Cargo.toml,erasan_crates/endian_trait-0.6.0/Cargo.toml,no_targets,ERASAN,0.24,0,ok,endian_trait-0.6.0,0,/tmp/seraph-deepsurf-round1-fullrerun-20260429/endian_trait-0.6.0,erasan_crates/endian_trait-0.6.0/Cargo.toml,,,,,,,,,,,,,,,,,,,,,,,,,
cbox-0.3.0,40.32,,0.5,0,ok,0.24,0,ok,11.22,0,ok,/tmp/deepSURF-main/dataset/erasan_crates/cbox-0.3.0/Cargo.toml,erasan_crates/cbox-0.3.0/Cargo.toml,validated,ERASAN,0.24,0,ok,cbox-0.3.0,6,/tmp/seraph-deepsurf-round1-fullrerun-20260429/cbox-0.3.0,erasan_crates/cbox-0.3.0/Cargo.toml,[],[],,1,ok,1.0,ok,0,[],[],28.11,0,ok,0.0,0,0,1,0,ok,validated,api::cbox::CBox::as_semi,cbox::CBox::as_semi,2.3,,
bumpalo-3.11.0,95.14,,0.5,0,ok,0.27,0,ok,25.32,0,ok,/tmp/deepSURF-main/dataset/erasan_crates/bumpalo-3.11.0/Cargo.toml,erasan_crates/bumpalo-3.11.0/Cargo.toml,validated,ERASAN,0.24,0,ok,bumpalo-3.11.0,14,/tmp/seraph-deepsurf-round1-fullrerun-20260429/bumpalo-3.11.0,erasan_crates/bumpalo-3.11.0/Cargo.toml,[],[],,1,ok,1.0,ok,0,[],[],68.81,0,ok,0.2692307692307692,0,0,1,0,ok,validated,api::bumpalo::Bump::iter_allocated_chunks,bumpalo::Bump::iter_allocated_chunks,3.55,,
secp256k1-0.22.0,0.62,,0.62,1,failed,,,,,,,/tmp/deepSURF-main/dataset/erasan_crates/secp256k1-0.22.0/Cargo.toml,erasan_crates/secp256k1-0.22.0/Cargo.toml,extract_failed,ERASAN,,,,secp256k1-0.22.0,,/tmp/seraph-deepsurf-round1-fullrerun-20260429/secp256k1-0.22.0,erasan_crates/secp256k1-0.22.0/Cargo.toml,,,,,,,,,,,,,,,,,,,,,,,,"failed to extract knowledge from manifest: failed to parse rustdoc JSON: invalid type: map, expected a string at line 1 column 640256",extract
pnet_packet-0.26.0,0.31,,0.31,1,failed,,,,,,,/tmp/deepSURF-main/dataset/erasan_crates/pnet_packet-0.26.0/Cargo.toml,erasan_crates/pnet_packet-0.26.0/Cargo.toml,extract_failed,ERASAN,,,,pnet_packet-0.26.0,,/tmp/seraph-deepsurf-round1-fullrerun-20260429/pnet_packet-0.26.0,erasan_crates/pnet_packet-0.26.0/Cargo.toml,,,,,,,,,,,,,,,,,,,,,,,,  thread caused non-unwinding panic. aborting.,extract
rusqlite-0.26.1,444.45,,1.03,0,ok,0.39,0,ok,192.09,0,ok,/tmp/deepSURF-main/dataset/erasan_crates/rusqlite-0.26.1/Cargo.toml,erasan_crates/rusqlite-0.26.1/Cargo.toml,validated,ERASAN,0.24,0,ok,rusqlite-0.26.1,10,/tmp/seraph-deepsurf-round1-fullrerun-20260429/rusqlite-0.26.1,erasan_crates/rusqlite-0.26.1/Cargo.toml,[],[],,1,ok,1.0,ok,0,[],[],250.7,0,ok,0.09090909090909091,0,0,1,0,ok,validated,api::rusqlite::OpenFlags::from_bits_unchecked,rusqlite::OpenFlags::from_bits_unchecked,5.05,,
tokio-1.24.1,106.27,,0.63,0,ok,0.26,0,ok,40.79,0,ok,/tmp/deepSURF-main/dataset/erasan_crates/tokio-1.24.1/Cargo.toml,erasan_crates/tokio-1.24.1/Cargo.toml,validated,ERASAN,0.24,0,ok,tokio-1.24.1,11,/tmp/seraph-deepsurf-round1-fullrerun-20260429/tokio-1.24.1,erasan_crates/tokio-1.24.1/Cargo.toml,[],[],,1,ok,1.0,ok,0,[],[],64.35,0,ok,0.07407407407407407,0,0,1,0,ok,validated,api::tokio::io::read_buf::ReadBuf::assume_init,tokio::io::read_buf::ReadBuf::assume_init,3.45,,
arc-swap-1.0.0,112.39,,0.66,0,ok,0.25,0,ok,57.22,0,ok,/tmp/deepSURF-main/dataset/erasan_crates/arc-swap-1.0.0/Cargo.toml,erasan_crates/arc-swap-1.0.0/Cargo.toml,validated,ERASAN,0.24,0,ok,arc-swap-1.0.0,2,/tmp/seraph-deepsurf-round1-fullrerun-20260429/arc-swap-1.0.0,erasan_crates/arc-swap-1.0.0/Cargo.toml,"[""harness_001_01""]","[""bin \""harness_001_01\""""]",harness_compile_failed,0,failed,1.0,ok,1,[],[],54.02,0,ok,0.1,0,0,1,0,ok,validated,api::arc_swap::ArcSwapAny::load,arc_swap::ArcSwapAny::load,2.3,,
lru-0.6.6,92.91,,0.51,0,ok,0.26,0,ok,21.63,0,ok,/tmp/deepSURF-main/dataset/erasan_crates/lru-0.6.6/Cargo.toml,erasan_crates/lru-0.6.6/Cargo.toml,validated,ERASAN,0.24,0,ok,lru-0.6.6,9,/tmp/seraph-deepsurf-round1-fullrerun-20260429/lru-0.6.6,erasan_crates/lru-0.6.6/Cargo.toml,[],[],,1,ok,1.0,ok,0,[],[],70.27,0,ok,0.21052631578947367,0,0,1,0,ok,validated,api::lru::LruCache::iter,lru::LruCache::iter,2.3,,
nano_arena-0.5.2,151.74,,0.51,0,ok,0.25,0,ok,85.73,0,ok,/tmp/deepSURF-main/dataset/erasan_crates/nano_arena-0.5.2/Cargo.toml,erasan_crates/nano_arena-0.5.2/Cargo.toml,validated,ERASAN,0.24,0,ok,nano_arena-0.5.2,1,/tmp/seraph-deepsurf-round1-fullrerun-20260429/nano_arena-0.5.2,erasan_crates/nano_arena-0.5.2/Cargo.toml,[],[],,1,ok,1.0,ok,0,[],[],65.01,0,ok,0.16666666666666666,0,0,1,0,ok,validated,api::nano_arena::Arena::split_at,nano_arena::Arena::split_at,2.2,,
smallvec-0.6.6,289.68,,0.71,0,ok,0.31,0,ok,167.61,0,ok,/tmp/deepSURF-main/dataset/erasan_crates/smallvec-0.6.6/Cargo.toml,erasan_crates/smallvec-0.6.6/Cargo.toml,validated,ERASAN,0.24,0,ok,smallvec-0.6.6,13,/tmp/seraph-deepsurf-round1-fullrerun-20260429/smallvec-0.6.6,erasan_crates/smallvec-0.6.6/Cargo.toml,[],[],,1,ok,1.0,ok,0,[],[],120.81,0,ok,0.17647058823529413,0,0,1,0,ok,validated,api::smallvec::SmallVec::drain,smallvec::SmallVec::drain,2.3,,
smallvec-1.6.0,260.64,,0.55,0,ok,0.35,0,ok,111.43,0,ok,/tmp/deepSURF-main/dataset/erasan_crates/smallvec-1.6.0/Cargo.toml,erasan_crates/smallvec-1.6.0/Cargo.toml,validated,ERASAN,0.24,0,ok,smallvec-1.6.0,14,/tmp/seraph-deepsurf-round1-fullrerun-20260429/smallvec-1.6.0,erasan_crates/smallvec-1.6.0/Cargo.toml,[],[],,1,ok,1.0,ok,0,[],[],148.07,0,ok,0.02857142857142857,0,0,1,0,ok,validated,api::smallvec::SmallVec::drain,smallvec::SmallVec::drain,2.3,,
stack_dst-0.6.0,56.17,,0.48,0,ok,0.25,0,ok,14.04,0,ok,/tmp/deepSURF-main/dataset/erasan_crates/stack_dst-0.6.0/Cargo.toml,erasan_crates/stack_dst-0.6.0/Cargo.toml,validated,ERASAN,0.23,0,ok,stack_dst-0.6.0,7,/tmp/seraph-deepsurf-round1-fullrerun-20260429/stack_dst-0.6.0,erasan_crates/stack_dst-0.6.0/Cargo.toml,"[""harness_001_01"", ""harness_001_01_fixed_01""]","[""bin \""harness_001_01\"""", ""bin \""harness_001_01_fixed_01\""""]",harness_compile_failed,0,failed,1.0,ok,1,[],[],41.17,0,ok,0.0,0,0,1,0,ok,validated,api::stack_dst::value::ValueA::new_raw,stack_dst::value::ValueA::new_raw,3.3,,
stackvector-1.0.8,115.37,,0.62,0,ok,0.29,0,ok,43.69,0,ok,/tmp/deepSURF-main/dataset/erasan_crates/stackvector-1.0.8/Cargo.toml,erasan_crates/stackvector-1.0.8/Cargo.toml,validated,ERASAN,0.24,0,ok,stackvector-1.0.8,10,/tmp/seraph-deepsurf-round1-fullrerun-20260429/stackvector-1.0.8,erasan_crates/stackvector-1.0.8/Cargo.toml,"[""harness_001_01""]","[""bin \""harness_001_01\""""]",harness_compile_failed,0,failed,1.0,ok,1,[],[],70.53,0,ok,0.12121212121212122,0,0,1,0,ok,validated,api::stackvector::StackVec::drain,stackvector::StackVec::drain,2.3,,
arenavec-0.1.1,150.6,,0.61,0,ok,0.26,0,ok,70.27,0,ok,/tmp/deepSURF-main/dataset/rustsan_crates/arenavec-0.1.1/Cargo.toml,rustsan_crates/arenavec-0.1.1/Cargo.toml,runtime_error,RUSTSAN,0.24,0,ok,arenavec-0.1.1,8,/tmp/seraph-deepsurf-round1-fullrerun-20260429/arenavec-0.1.1,rustsan_crates/arenavec-0.1.1/Cargo.toml,"[""harness_001_01""]","[""bin \""harness_001_01\""""]",harness_compile_failed,0,failed,1.0,ok,1,[],[],79.22,0,ok,0.28,1,1,0,0,bug,validated,api::arenavec::common::SliceVec::split_off,arenavec::common::SliceVec::split_off,2.3,,
array-queue-0.3.3,71.99,,0.53,0,ok,0.24,0,ok,19.25,0,ok,/tmp/deepSURF-main/dataset/rustsan_crates/array-queue-0.3.3/Cargo.toml,rustsan_crates/array-queue-0.3.3/Cargo.toml,validated,RUSTSAN,0.24,0,ok,array-queue-0.3.3,3,/tmp/seraph-deepsurf-round1-fullrerun-20260429/array-queue-0.3.3,rustsan_crates/array-queue-0.3.3/Cargo.toml,[],[],,1,ok,1.0,ok,0,[],[],51.72,0,ok,0.9090909090909091,0,0,1,0,ok,validated,api::array_queue::array_queue::ArrayQueue::new,array_queue::array_queue::ArrayQueue::new,2.3,,
base64-0.5.1,62.23,,0.52,0,ok,0.25,0,ok,16.36,0,ok,/tmp/deepSURF-main/dataset/rustsan_crates/base64-0.5.1/Cargo.toml,rustsan_crates/base64-0.5.1/Cargo.toml,validated,RUSTSAN,0.24,0,ok,base64-0.5.1,1,/tmp/seraph-deepsurf-round1-fullrerun-20260429/base64-0.5.1,rustsan_crates/base64-0.5.1/Cargo.toml,"[""harness_001_01""]","[""bin \""harness_001_01\""""]",harness_compile_failed,0,failed,1.0,ok,1,[],[],44.86,0,ok,0.16666666666666666,0,0,1,0,ok,validated,api::base64::encode_config_buf,base64::encode_config_buf,2.2,,
bumpalo-3.2.0,70.0,,0.45,0,ok,0.3,0,ok,29.77,0,ok,/tmp/deepSURF-main/dataset/rustsan_crates/bumpalo-3.2.0/Cargo.toml,rustsan_crates/bumpalo-3.2.0/Cargo.toml,validated,RUSTSAN,0.24,0,ok,bumpalo-3.2.0,8,/tmp/seraph-deepsurf-round1-fullrerun-20260429/bumpalo-3.2.0,rustsan_crates/bumpalo-3.2.0/Cargo.toml,[],[],,1,ok,1.0,ok,0,[],[],39.25,0,ok,0.2,0,0,1,0,ok,validated,api::bumpalo::Bump::with_capacity,bumpalo::Bump::with_capacity,2.3,,
chttp-0.1.2,12.38,,12.37,1,failed,,,,,,,/tmp/deepSURF-main/dataset/rustsan_crates/chttp-0.1.2/Cargo.toml,rustsan_crates/chttp-0.1.2/Cargo.toml,extract_failed,RUSTSAN,,,,chttp-0.1.2,,/tmp/seraph-deepsurf-round1-fullrerun-20260429/chttp-0.1.2,rustsan_crates/chttp-0.1.2/Cargo.toml,,,,,,,,,,,,,,,,,,,,,,,,"  error occurred in cc-rs: command did not execute successfully (status code exit status: 1): LC_ALL=""C"" ""cc"" ""-O0"" ""-ffunction-sections"" ""-fdata-sections"" ""-fPIC"" ""-g"" ""-gdwarf-4"" ""-fno-omit-frame-pointer"" ""-m64"" ""-I"" ""curl/lib"" ""-I"" ""curl/include"" ""-I"" ""/usr/include"" ""-I"" ""/usr/include"" ""-w"" ""-fvisibility=hidden"" ""-DBUILDING_LIBCURL"" ""-DCURL_DISABLE_DICT"" ""-DCURL_DISABLE_GOPHER"" ""-DCURL_DISABLE_",extract
flatbuffers-0.8.0,0.74,,0.74,1,failed,,,,,,,/tmp/deepSURF-main/dataset/rustsan_crates/flatbuffers-0.8.0/Cargo.toml,rustsan_crates/flatbuffers-0.8.0/Cargo.toml,extract_failed,RUSTSAN,,,,flatbuffers-0.8.0,,/tmp/seraph-deepsurf-round1-fullrerun-20260429/flatbuffers-0.8.0,rustsan_crates/flatbuffers-0.8.0/Cargo.toml,,,,,,,,,,,,,,,,,,,,,,,,"failed to extract knowledge from manifest: failed to parse rustdoc JSON: invalid type: map, expected a string at line 1 column 407276",extract
generic-array-0.13.2,79.24,,0.51,0,ok,0.25,0,ok,26.66,0,ok,/tmp/deepSURF-main/dataset/rustsan_crates/generic-array-0.13.2/Cargo.toml,rustsan_crates/generic-array-0.13.2/Cargo.toml,validated,RUSTSAN,0.25,0,ok,generic-array-0.13.2,1,/tmp/seraph-deepsurf-round1-fullrerun-20260429/generic-array-0.13.2,rustsan_crates/generic-array-0.13.2/Cargo.toml,"[""harness_001_01""]","[""bin \""harness_001_01\""""]",harness_compile_failed,0,failed,1.0,ok,1,[],[],51.57,0,ok,0.0,0,0,1,0,ok,validated,api::generic_array::GenericArray::from_exact_iter,generic_array::GenericArray::from_exact_iter,2.3,,
id-map-0.2.1,120.1,,0.58,0,ok,0.26,0,ok,40.4,0,ok,/tmp/deepSURF-main/dataset/rustsan_crates/id-map-0.2.1/Cargo.toml,rustsan_crates/id-map-0.2.1/Cargo.toml,bug,RUSTSAN,0.24,0,ok,id-map-0.2.1,4,/tmp/seraph-deepsurf-round1-fullrerun-20260429/id-map-0.2.1,rustsan_crates/id-map-0.2.1/Cargo.toml,[],[],,1,ok,1.0,ok,0,"[""api::id_map::IdMap::into_iter""]",[],78.62,0,ok,0.25,1,1,0,0,bug,validated,api::id_map::IdMap::into_iter,id_map::IdMap::into_iter,2.3,,
safe-transmute-0.10.0,107.3,,0.52,0,ok,0.29,0,ok,41.05,0,ok,/tmp/deepSURF-main/dataset/rustsan_crates/safe-transmute-0.10.0/Cargo.toml,rustsan_crates/safe-transmute-0.10.0/Cargo.toml,validated,RUSTSAN,0.24,0,ok,safe-transmute-0.10.0,28,/tmp/seraph-deepsurf-round1-fullrerun-20260429/safe-transmute-0.10.0,rustsan_crates/safe-transmute-0.10.0/Cargo.toml,"[""harness_001_01""]","[""bin \""harness_001_01\""""]",harness_compile_failed,0,failed,1.0,ok,1,[],[],65.21,0,ok,0.0,0,0,1,0,ok,validated,api::safe_transmute::bool::guarded_transmute_bool_pedantic,safe_transmute::bool::guarded_transmute_bool_pedantic,2.2,,
scratchpad-1.3.0,246.95,,1.0,0,ok,0.41,0,ok,99.11,0,ok,/tmp/deepSURF-main/dataset/rustsan_crates/scratchpad-1.3.0/Cargo.toml,rustsan_crates/scratchpad-1.3.0/Cargo.toml,crate_build_failed,RUSTSAN,0.24,0,ok,scratchpad-1.3.0,31,/tmp/seraph-deepsurf-round1-fullrerun-20260429/scratchpad-1.3.0,rustsan_crates/scratchpad-1.3.0/Cargo.toml,"[""scratchpad""]","[""lib""]",crate_build_failed,0,failed,0.0,failed,0,[],[],146.18,0,ok,0.0,0,0,0,0,skipped,attempted,api::scratchpad::allocation::Allocation::concat_unchecked,scratchpad::allocation::Allocation::concat_unchecked,5.05,,
sized-chunks-0.6.2,158.32,,0.74,0,ok,0.35,0,ok,49.13,0,ok,/tmp/deepSURF-main/dataset/rustsan_crates/sized-chunks-0.6.2/Cargo.toml,rustsan_crates/sized-chunks-0.6.2/Cargo.toml,validated,RUSTSAN,0.24,0,ok,sized-chunks-0.6.2,26,/tmp/seraph-deepsurf-round1-fullrerun-20260429/sized-chunks-0.6.2,rustsan_crates/sized-chunks-0.6.2/Cargo.toml,[],[],,1,ok,1.0,ok,0,[],[],107.85,0,ok,0.18518518518518517,0,0,1,0,ok,validated,api::sized_chunks::sparse_chunk::SparseChunk::get_unchecked,sized_chunks::sparse_chunk::SparseChunk::get_unchecked,4.95,,
slice-deque-0.1.15,196.78,,0.9,0,ok,0.38,0,ok,58.41,0,ok,/tmp/deepSURF-main/dataset/rustsan_crates/slice-deque-0.1.15/Cargo.toml,rustsan_crates/slice-deque-0.1.15/Cargo.toml,crate_build_failed,RUSTSAN,0.24,0,ok,slice-deque-0.1.15,29,/tmp/seraph-deepsurf-round1-fullrerun-20260429/slice-deque-0.1.15,rustsan_crates/slice-deque-0.1.15/Cargo.toml,"[""slice-deque""]","[""lib""]",crate_build_failed,0,failed,0.0,failed,0,[],[],136.84,0,ok,0.0,0,0,0,0,skipped,attempted,api::slice_deque::SliceDeque::move_head_unchecked,slice_deque::SliceDeque::move_head_unchecked,3.7,,
smallvec-0.6.1,180.92,,0.65,0,ok,0.28,0,ok,77.04,0,ok,/tmp/deepSURF-main/dataset/rustsan_crates/smallvec-0.6.1/Cargo.toml,rustsan_crates/smallvec-0.6.1/Cargo.toml,validated,RUSTSAN,0.24,0,ok,smallvec-0.6.1,12,/tmp/seraph-deepsurf-round1-fullrerun-20260429/smallvec-0.6.1,rustsan_crates/smallvec-0.6.1/Cargo.toml,"[""harness_001_01""]","[""bin \""harness_001_01\""""]",harness_compile_failed,0,failed,1.0,ok,1,[],[],102.71,0,ok,0.16666666666666666,0,0,1,0,ok,validated,api::smallvec::SmallVec::drain,smallvec::SmallVec::drain,2.3,,
smallvec-0.6.3,102.23,,0.66,0,ok,0.28,0,ok,44.84,0,ok,/tmp/deepSURF-main/dataset/rustsan_crates/smallvec-0.6.3/Cargo.toml,rustsan_crates/smallvec-0.6.3/Cargo.toml,validated,RUSTSAN,0.24,0,ok,smallvec-0.6.3,12,/tmp/seraph-deepsurf-round1-fullrerun-20260429/smallvec-0.6.3,rustsan_crates/smallvec-0.6.3/Cargo.toml,"[""harness_001_01""]","[""bin \""harness_001_01\""""]",harness_compile_failed,0,failed,1.0,ok,1,[],[],56.2,0,ok,0.2,0,0,1,0,ok,validated,api::smallvec::SmallVec::drain,smallvec::SmallVec::drain,2.3,,
stack-0.3.0,112.8,,0.66,0,ok,0.27,0,ok,41.83,0,ok,/tmp/deepSURF-main/dataset/rustsan_crates/stack-0.3.0/Cargo.toml,rustsan_crates/stack-0.3.0/Cargo.toml,validated,RUSTSAN,0.24,0,ok,stack-0.3.0,12,/tmp/seraph-deepsurf-round1-fullrerun-20260429/stack-0.3.0,rustsan_crates/stack-0.3.0/Cargo.toml,[],[],,1,ok,1.0,ok,0,[],[],69.8,0,ok,0.0,0,0,1,0,ok,validated,api::stack::array_vec::ArrayVec::into_inner,stack::array_vec::ArrayVec::into_inner,2.3,,
sys-info-0.7.0,62.78,,0.56,0,ok,0.24,0,ok,21.47,0,ok,/tmp/deepSURF-main/dataset/rustsan_crates/sys-info-0.7.0/Cargo.toml,rustsan_crates/sys-info-0.7.0/Cargo.toml,validated,RUSTSAN,0.24,0,ok,sys-info-0.7.0,10,/tmp/seraph-deepsurf-round1-fullrerun-20260429/sys-info-0.7.0,rustsan_crates/sys-info-0.7.0/Cargo.toml,[],[],,1,ok,1.0,ok,0,[],[],40.26,0,ok,0.4,0,0,1,0,ok,validated,api::sys_info::disk_info,sys_info::disk_info,2.3,,
bincode-2.0.0-rc.3,0.7,,0.7,1,failed,,,,,,,/tmp/deepSURF-main/dataset/rug_crates/bincode-2.0.0-rc.3/Cargo.toml,rug_crates/bincode-2.0.0-rc.3/Cargo.toml,extract_failed,RUG,,,,bincode-2.0.0-rc.3,,/tmp/seraph-deepsurf-round1-fullrerun-20260429/bincode-2.0.0-rc.3,rug_crates/bincode-2.0.0-rc.3/Cargo.toml,,,,,,,,,,,,,,,,,,,,,,,,"failed to extract knowledge from manifest: failed to parse rustdoc JSON: invalid type: map, expected a string at line 1 column 192817",extract
chrono-0.5.0-alpha.1,254.89,,1.98,0,ok,0.29,0,ok,252.39,0,ok,/tmp/deepSURF-main/dataset/rug_crates/chrono-0.5.0-alpha.1/Cargo.toml,rug_crates/chrono-0.5.0-alpha.1/Cargo.toml,no_targets,RUG,0.24,0,ok,chrono-0.5.0-alpha.1,0,/tmp/seraph-deepsurf-round1-fullrerun-20260429/chrono-0.5.0-alpha.1,rug_crates/chrono-0.5.0-alpha.1/Cargo.toml,,,,,,,,,,,,,,,,,,,,,,,,,
hashes,9.69,hashes workspace member,0.68,0,ok,0.24,0,ok,8.54,0,ok,/tmp/deepSURF-main/dataset/rug_crates/hashes/blake2/Cargo.toml,rug_crates/hashes/blake2/Cargo.toml,no_targets,RUG,0.24,0,ok,hashes-blake2,0,/tmp/seraph-deepsurf-round1-fullrerun-20260429/hashes-blake2,rug_crates/hashes/blake2/Cargo.toml,,,,,,,,,,,,,,,,,,,,,,,,,
hashes,12.86,hashes workspace member,0.6,0,ok,0.24,0,ok,11.77,0,ok,/tmp/deepSURF-main/dataset/rug_crates/hashes/sha2/Cargo.toml,rug_crates/hashes/sha2/Cargo.toml,no_targets,RUG,0.24,0,ok,hashes-sha2,0,/tmp/seraph-deepsurf-round1-fullrerun-20260429/hashes-sha2,rug_crates/hashes/sha2/Cargo.toml,,,,,,,,,,,,,,,,,,,,,,,,,
itoa-1.0.6,34.33,,0.52,0,ok,0.25,0,ok,8.51,0,ok,/tmp/deepSURF-main/dataset/rug_crates/itoa-1.0.6/Cargo.toml,rug_crates/itoa-1.0.6/Cargo.toml,validated,RUG,0.25,0,ok,itoa-1.0.6,1,/tmp/seraph-deepsurf-round1-fullrerun-20260429/itoa-1.0.6,rug_crates/itoa-1.0.6/Cargo.toml,[],[],,1,ok,1.0,ok,0,[],[],24.8,0,ok,1.0,0,0,1,0,ok,validated,api::itoa::Buffer::format,itoa::Buffer::format,2.2,,
serde_json-1.0.96,390.72,,1.3,0,ok,0.27,0,ok,167.62,0,ok,/tmp/deepSURF-main/dataset/rug_crates/serde_json-1.0.96/Cargo.toml,rug_crates/serde_json-1.0.96/Cargo.toml,crate_build_failed,RUG,0.25,0,ok,serde_json-1.0.96,2,/tmp/seraph-deepsurf-round1-fullrerun-20260429/serde_json-1.0.96,rug_crates/serde_json-1.0.96/Cargo.toml,"[""serde_json""]","[""lib""]",crate_build_failed,0,failed,0.0,failed,0,[],[],221.26,0,ok,0.0,0,0,0,0,skipped,attempted,api::serde_json::ser::to_string,serde_json::ser::to_string,2.2,,
nom-7.1.2,396.04,,2.6,0,ok,0.34,0,ok,392.83,0,ok,/tmp/deepSURF-main/dataset/rug_crates/nom-7.1.2/Cargo.toml,rug_crates/nom-7.1.2/Cargo.toml,no_targets,RUG,0.26,0,ok,nom-7.1.2,0,/tmp/seraph-deepsurf-round1-fullrerun-20260429/nom-7.1.2,rug_crates/nom-7.1.2/Cargo.toml,,,,,,,,,,,,,,,,,,,,,,,,,
num-traits-0.2.15,404.12,,1.58,0,ok,0.33,0,ok,401.96,0,ok,/tmp/deepSURF-main/dataset/rug_crates/num-traits-0.2.15/Cargo.toml,rug_crates/num-traits-0.2.15/Cargo.toml,no_targets,RUG,0.25,0,ok,num-traits-0.2.15,0,/tmp/seraph-deepsurf-round1-fullrerun-20260429/num-traits-0.2.15,rug_crates/num-traits-0.2.15/Cargo.toml,,,,,,,,,,,,,,,,,,,,,,,,,
crc32fast-1.3.2,15.82,,0.57,0,ok,0.25,0,ok,14.75,0,ok,/tmp/deepSURF-main/dataset/rug_crates/crc32fast-1.3.2/Cargo.toml,rug_crates/crc32fast-1.3.2/Cargo.toml,no_targets,RUG,0.25,0,ok,crc32fast-1.3.2,0,/tmp/seraph-deepsurf-round1-fullrerun-20260429/crc32fast-1.3.2,rug_crates/crc32fast-1.3.2/Cargo.toml,,,,,,,,,,,,,,,,,,,,,,,,,
ryu-1.0.13,54.9,,0.55,0,ok,0.25,0,ok,24.87,0,ok,/tmp/deepSURF-main/dataset/rug_crates/ryu-1.0.13/Cargo.toml,rug_crates/ryu-1.0.13/Cargo.toml,validated,RUG,0.25,0,ok,ryu-1.0.13,3,/tmp/seraph-deepsurf-round1-fullrerun-20260429/ryu-1.0.13,rug_crates/ryu-1.0.13/Cargo.toml,[],[],,1,ok,1.0,ok,0,[],[],28.98,0,ok,0.0,0,0,1,0,ok,validated,api::ryu::pretty::format32,ryu::pretty::format32,4.35,,
semver-1.0.17,40.23,,0.59,0,ok,0.25,0,ok,39.15,0,ok,/tmp/deepSURF-main/dataset/rug_crates/semver-1.0.17/Cargo.toml,rug_crates/semver-1.0.17/Cargo.toml,no_targets,RUG,0.25,0,ok,semver-1.0.17,0,/tmp/seraph-deepsurf-round1-fullrerun-20260429/semver-1.0.17,rug_crates/semver-1.0.17/Cargo.toml,,,,,,,,,,,,,,,,,,,,,,,,,
time,334.4,time workspace member,1.08,0,ok,0.3,0,ok,332.76,0,ok,/tmp/deepSURF-main/dataset/rug_crates/time/time/Cargo.toml,rug_crates/time/time/Cargo.toml,no_targets,RUG,0.26,0,ok,time,0,/tmp/seraph-deepsurf-round1-fullrerun-20260429/time,rug_crates/time/time/Cargo.toml,,,,,,,,,,,,,,,,,,,,,,,,,
uuid-1.4.0,261.98,,0.92,0,ok,0.29,0,ok,151.12,0,ok,/tmp/deepSURF-main/dataset/rug_crates/uuid-1.4.0/Cargo.toml,rug_crates/uuid-1.4.0/Cargo.toml,validated,RUG,0.27,0,ok,uuid-1.4.0,5,/tmp/seraph-deepsurf-round1-fullrerun-20260429/uuid-1.4.0,rug_crates/uuid-1.4.0/Cargo.toml,[],[],,1,ok,1.0,ok,0,[],[],109.38,0,ok,0.07692307692307693,0,0,1,0,ok,validated,api::uuid::Uuid::from_bytes_ref,uuid::Uuid::from_bytes_ref,2.4,,
integer-encoding-3.0.4,141.08,,0.51,0,ok,0.31,0,ok,38.33,0,ok,/tmp/deepSURF-main/dataset/crabtree_crates/integer-encoding-3.0.4/Cargo.toml,crabtree_crates/integer-encoding-3.0.4/Cargo.toml,validated,CRABTREE,0.26,0,ok,integer-encoding-3.0.4,1,/tmp/seraph-deepsurf-round1-fullrerun-20260429/integer-encoding-3.0.4,crabtree_crates/integer-encoding-3.0.4/Cargo.toml,[],[],,1,ok,1.0,ok,0,[],[],101.66,0,ok,0.07142857142857142,0,0,1,0,ok,validated,api::integer_encoding::fixed::FixedInt::switch_endianness,integer_encoding::fixed::FixedInt::switch_endianness,2.1,,
sparsey-0.7.0,1.0,,1.0,1,failed,,,,,,,/tmp/deepSURF-main/dataset/crabtree_crates/sparsey-0.7.0/Cargo.toml,crabtree_crates/sparsey-0.7.0/Cargo.toml,extract_failed,CRABTREE,,,,sparsey-0.7.0,,/tmp/seraph-deepsurf-round1-fullrerun-20260429/sparsey-0.7.0,crabtree_crates/sparsey-0.7.0/Cargo.toml,,,,,,,,,,,,,,,,,,,,,,,,"failed to extract knowledge from manifest: failed to parse rustdoc JSON: invalid type: map, expected a string at line 1 column 673",extract
oxidebpf-0.2.3,134.08,,1.17,0,ok,0.27,0,ok,37.79,0,ok,/tmp/deepSURF-main/dataset/crabtree_crates/oxidebpf-0.2.3/Cargo.toml,crabtree_crates/oxidebpf-0.2.3/Cargo.toml,validated,CRABTREE,0.25,0,ok,oxidebpf-0.2.3,5,/tmp/seraph-deepsurf-round1-fullrerun-20260429/oxidebpf-0.2.3,crabtree_crates/oxidebpf-0.2.3/Cargo.toml,[],[],,1,ok,1.0,ok,0,[],[],94.6,0,ok,0.0,0,0,1,0,ok,validated,api::oxidebpf::maps::ArrayMap::new,oxidebpf::maps::ArrayMap::new,3.65,,
leapfrog-0.2.1,300.51,,0.71,0,ok,0.32,0,ok,91.77,0,ok,/tmp/deepSURF-main/dataset/crabtree_crates/leapfrog-0.2.1/Cargo.toml,crabtree_crates/leapfrog-0.2.1/Cargo.toml,crate_build_failed,CRABTREE,0.25,0,ok,leapfrog-0.2.1,1,/tmp/seraph-deepsurf-round1-fullrerun-20260429/leapfrog-0.2.1,crabtree_crates/leapfrog-0.2.1/Cargo.toml,"[""leapfrog""]","[""lib""]",crate_build_failed,0,failed,0.0,failed,0,[],[],207.46,0,ok,0.0,0,0,0,0,skipped,attempted,api::leapfrog::util::load_u64_le,leapfrog::util::load_u64_le,2.1,,
fixedbitset-0.4.1,148.34,,0.56,0,ok,0.28,0,ok,85.86,0,ok,/tmp/deepSURF-main/dataset/crabtree_crates/fixedbitset-0.4.1/Cargo.toml,crabtree_crates/fixedbitset-0.4.1/Cargo.toml,validated,CRABTREE,0.25,0,ok,fixedbitset-0.4.1,9,/tmp/seraph-deepsurf-round1-fullrerun-20260429/fixedbitset-0.4.1,crabtree_crates/fixedbitset-0.4.1/Cargo.toml,[],[],,1,ok,1.0,ok,0,[],[],61.38,0,ok,0.038461538461538464,0,0,1,0,ok,validated,api::fixedbitset::FixedBitSet::with_capacity_and_blocks,fixedbitset::FixedBitSet::with_capacity_and_blocks,2.3,,
roaring-0.10.1,431.83,,0.81,0,ok,0.27,0,ok,250.91,0,ok,/tmp/deepSURF-main/dataset/crabtree_crates/roaring-0.10.1/Cargo.toml,crabtree_crates/roaring-0.10.1/Cargo.toml,validated,CRABTREE,0.26,0,ok,roaring-0.10.1,1,/tmp/seraph-deepsurf-round1-fullrerun-20260429/roaring-0.10.1,crabtree_crates/roaring-0.10.1/Cargo.toml,[],[],,1,ok,1.0,ok,0,[],[],179.58,0,ok,0.06896551724137931,0,0,1,0,ok,validated,api::roaring::bitmap::RoaringBitmap::rank,roaring::bitmap::RoaringBitmap::rank,2.2,,
triomphe-0.1.6,150.95,,0.69,0,ok,0.38,0,ok,60.09,0,ok,/tmp/deepSURF-main/dataset/crabtree_crates/triomphe-0.1.6/Cargo.toml,crabtree_crates/triomphe-0.1.6/Cargo.toml,validated,CRABTREE,0.26,0,ok,triomphe-0.1.6,21,/tmp/seraph-deepsurf-round1-fullrerun-20260429/triomphe-0.1.6,crabtree_crates/triomphe-0.1.6/Cargo.toml,[],[],,1,ok,1.0,ok,0,[],[],89.52,0,ok,0.08333333333333333,0,0,1,0,ok,validated,api::triomphe::thin_arc::ThinArc::from_raw,triomphe::thin_arc::ThinArc::from_raw,4.55,,
sharded-slab-0.1.4,153.08,,0.8,0,ok,0.27,0,ok,99.73,0,ok,/tmp/deepSURF-main/dataset/crabtree_crates/sharded-slab-0.1.4/Cargo.toml,crabtree_crates/sharded-slab-0.1.4/Cargo.toml,validated,CRABTREE,0.25,0,ok,sharded-slab-0.1.4,2,/tmp/seraph-deepsurf-round1-fullrerun-20260429/sharded-slab-0.1.4,crabtree_crates/sharded-slab-0.1.4/Cargo.toml,"[""harness_001_01""]","[""bin \""harness_001_01\""""]",harness_compile_failed,0,failed,1.0,ok,1,[],[],52.02,0,ok,0.3076923076923077,0,0,1,0,ok,validated,api::sharded_slab::pool::OwnedRefMut::downgrade,sharded_slab::pool::OwnedRefMut::downgrade,2.3,,
