compile_failed_crates,compile_failed_target_kinds,compile_failure_kind,compile_ok_count,compile_status,coverage_rate,dataset_entry,elapsed_seconds,expanded_from,extract_elapsed_seconds,extract_return_code,extract_status,fix_status,fix_success_count,found_bugs,graph_elapsed_seconds,graph_return_code,graph_status,index_elapsed_seconds,index_return_code,index_status,manifest_path,manifest_rel_path,needs_review,outcome,phase3_run_elapsed_seconds,phase3_run_return_code,phase3_run_status,related_coverage_rate,runtime_issue_count,smoke_bug_count,smoke_ok_count,smoke_review_count,smoke_status,source_group,targets_elapsed_seconds,targets_return_code,targets_status,top_api_status,top_target_api_id,top_target_path,top_target_score,unit_name,unsafe_target_count,workspace_dir,workunit_key,error_message,error_stage,rerun_date,rerun_kind,supersedes_workspace_dir
[],[],,1,ok,1.0,fixedbitset-0.4.1,202.12,,0.55,0,ok,ok,0,[],0.26,0,ok,118.99,0,ok,/tmp/deepSURF-main/dataset/crabtree_crates/fixedbitset-0.4.1/Cargo.toml,crabtree_crates/fixedbitset-0.4.1/Cargo.toml,[],validated,82.08,0,ok,0.038461538461538464,0,0,1,0,ok,CRABTREE,0.24,0,ok,validated,api::fixedbitset::FixedBitSet::with_capacity_and_blocks,fixedbitset::FixedBitSet::with_capacity_and_blocks,2.3,fixedbitset-0.4.1,9,/tmp/seraph-deepsurf-round1-latest-20260429/fixedbitset-0.4.1,crabtree_crates/fixedbitset-0.4.1/Cargo.toml,,,,,
[],[],,1,ok,1.0,integer-encoding-3.0.4,117.02,,0.52,0,ok,ok,0,[],0.24,0,ok,34.65,0,ok,/tmp/deepSURF-main/dataset/crabtree_crates/integer-encoding-3.0.4/Cargo.toml,crabtree_crates/integer-encoding-3.0.4/Cargo.toml,[],validated,81.37,0,ok,0.0,0,0,1,0,ok,CRABTREE,0.24,0,ok,validated,api::integer_encoding::fixed::FixedInt::switch_endianness,integer_encoding::fixed::FixedInt::switch_endianness,2.1,integer-encoding-3.0.4,1,/tmp/seraph-deepsurf-round1-latest-20260429/integer-encoding-3.0.4,crabtree_crates/integer-encoding-3.0.4/Cargo.toml,,,,,
"[""leapfrog""]","[""lib""]",crate_build_failed,0,failed,0.0,leapfrog-0.2.1,328.95,,1.02,0,ok,failed,0,[],0.25,0,ok,153.9,0,ok,/tmp/deepSURF-main/dataset/crabtree_crates/leapfrog-0.2.1/Cargo.toml,crabtree_crates/leapfrog-0.2.1/Cargo.toml,[],crate_build_failed,173.54,0,ok,0.0,0,0,0,0,skipped,CRABTREE,0.23,0,ok,attempted,api::leapfrog::util::load_u64_le,leapfrog::util::load_u64_le,2.1,leapfrog-0.2.1,1,/tmp/seraph-deepsurf-round1-latest-20260429/leapfrog-0.2.1,crabtree_crates/leapfrog-0.2.1/Cargo.toml,,,,,
[],[],,1,ok,1.0,oxidebpf-0.2.3,182.95,,1.07,0,ok,ok,0,[],0.26,0,ok,92.12,0,ok,/tmp/deepSURF-main/dataset/crabtree_crates/oxidebpf-0.2.3/Cargo.toml,crabtree_crates/oxidebpf-0.2.3/Cargo.toml,[],validated,89.26,0,ok,0.0,0,0,1,0,ok,CRABTREE,0.24,0,ok,validated,api::oxidebpf::maps::ArrayMap::new,oxidebpf::maps::ArrayMap::new,3.65,oxidebpf-0.2.3,5,/tmp/seraph-deepsurf-round1-latest-20260429/oxidebpf-0.2.3,crabtree_crates/oxidebpf-0.2.3/Cargo.toml,,,,,
[],[],,1,ok,1.0,roaring-0.10.1,720.66,,0.73,0,ok,ok,0,[],0.27,0,ok,139.36,0,ok,/tmp/deepSURF-main/dataset/crabtree_crates/roaring-0.10.1/Cargo.toml,crabtree_crates/roaring-0.10.1/Cargo.toml,[],validated,580.06,0,ok,0.06896551724137931,0,0,1,0,ok,CRABTREE,0.24,0,ok,validated,api::roaring::bitmap::RoaringBitmap::rank,roaring::bitmap::RoaringBitmap::rank,2.2,roaring-0.10.1,1,/tmp/seraph-deepsurf-round1-latest-20260429/roaring-0.10.1,crabtree_crates/roaring-0.10.1/Cargo.toml,,,,,
"[""harness_001_01""]","[""bin \""harness_001_01\""""]",harness_compile_failed,0,failed,1.0,sharded-slab-0.1.4,159.8,,0.77,0,ok,ok,1,[],0.26,0,ok,68.93,0,ok,/tmp/deepSURF-main/dataset/crabtree_crates/sharded-slab-0.1.4/Cargo.toml,crabtree_crates/sharded-slab-0.1.4/Cargo.toml,[],validated,89.6,0,ok,0.3076923076923077,0,0,1,0,ok,CRABTREE,0.24,0,ok,validated,api::sharded_slab::pool::OwnedRefMut::downgrade,sharded_slab::pool::OwnedRefMut::downgrade,2.3,sharded-slab-0.1.4,2,/tmp/seraph-deepsurf-round1-latest-20260429/sharded-slab-0.1.4,crabtree_crates/sharded-slab-0.1.4/Cargo.toml,,,,,
,,,,,,sparsey-0.7.0,0.91,,0.91,1,failed,,,,,,,,,,/tmp/deepSURF-main/dataset/crabtree_crates/sparsey-0.7.0/Cargo.toml,crabtree_crates/sparsey-0.7.0/Cargo.toml,,extract_failed,,,,,,,,,,CRABTREE,,,,,,,,sparsey-0.7.0,,/tmp/seraph-deepsurf-round1-latest-20260429/sparsey-0.7.0,crabtree_crates/sparsey-0.7.0/Cargo.toml,"failed to extract knowledge from manifest: failed to parse rustdoc JSON: invalid type: map, expected a string at line 1 column 673",extract,,,
[],[],,1,ok,1.0,triomphe-0.1.6,568.03,,0.65,0,ok,ok,0,[],0.39,0,ok,432.11,0,ok,/tmp/deepSURF-main/dataset/crabtree_crates/triomphe-0.1.6/Cargo.toml,crabtree_crates/triomphe-0.1.6/Cargo.toml,[],validated,134.63,0,ok,0.08333333333333333,0,0,1,0,ok,CRABTREE,0.24,0,ok,validated,api::triomphe::thin_arc::ThinArc::from_raw,triomphe::thin_arc::ThinArc::from_raw,4.55,triomphe-0.1.6,21,/tmp/seraph-deepsurf-round1-latest-20260429/triomphe-0.1.6,crabtree_crates/triomphe-0.1.6/Cargo.toml,,,,,
,,,,,,algorithmica-0.1.8,111.24,,0.55,0,ok,,,,0.25,0,ok,110.19,0,ok,/tmp/deepSURF-main/dataset/erasan_crates/algorithmica-0.1.8/Cargo.toml,erasan_crates/algorithmica-0.1.8/Cargo.toml,,no_targets,,,,,,,,,,ERASAN,0.24,0,ok,,,,,algorithmica-0.1.8,0,/tmp/seraph-deepsurf-round1-latest-20260429/algorithmica-0.1.8,erasan_crates/algorithmica-0.1.8/Cargo.toml,,,,,
"[""harness_001_01""]","[""bin \""harness_001_01\""""]",harness_compile_failed,0,failed,1.0,arc-swap-1.0.0,144.61,,0.65,0,ok,ok,1,[],0.26,0,ok,53.0,0,ok,/tmp/deepSURF-main/dataset/erasan_crates/arc-swap-1.0.0/Cargo.toml,erasan_crates/arc-swap-1.0.0/Cargo.toml,[],validated,90.46,0,ok,0.15,0,0,1,0,ok,ERASAN,0.24,0,ok,validated,api::arc_swap::ArcSwapAny::load,arc_swap::ArcSwapAny::load,2.3,arc-swap-1.0.0,2,/tmp/seraph-deepsurf-round1-latest-20260429/arc-swap-1.0.0,erasan_crates/arc-swap-1.0.0/Cargo.toml,,,,,
[],[],,1,ok,1.0,bumpalo-3.11.0,134.48,,0.54,0,ok,ok,0,[],0.3,0,ok,51.54,0,ok,/tmp/deepSURF-main/dataset/erasan_crates/bumpalo-3.11.0/Cargo.toml,erasan_crates/bumpalo-3.11.0/Cargo.toml,[],validated,81.86,0,ok,0.19230769230769232,0,0,1,0,ok,ERASAN,0.24,0,ok,validated,api::bumpalo::Bump::iter_allocated_chunks,bumpalo::Bump::iter_allocated_chunks,3.55,bumpalo-3.11.0,14,/tmp/seraph-deepsurf-round1-latest-20260429/bumpalo-3.11.0,erasan_crates/bumpalo-3.11.0/Cargo.toml,,,,,
[],[],,1,ok,1.0,cbox-0.3.0,108.87,,0.52,0,ok,ok,0,[],0.26,0,ok,58.82,0,ok,/tmp/deepSURF-main/dataset/erasan_crates/cbox-0.3.0/Cargo.toml,erasan_crates/cbox-0.3.0/Cargo.toml,[],validated,49.03,0,ok,0.0,0,0,1,0,ok,ERASAN,0.24,0,ok,validated,api::cbox::CBox::as_semi,cbox::CBox::as_semi,2.3,cbox-0.3.0,6,/tmp/seraph-deepsurf-round1-latest-20260429/cbox-0.3.0,erasan_crates/cbox-0.3.0/Cargo.toml,,,,,
,,,,,,endian_trait-0.6.0,43.77,,0.49,0,ok,,,,0.23,0,ok,42.81,0,ok,/tmp/deepSURF-main/dataset/erasan_crates/endian_trait-0.6.0/Cargo.toml,erasan_crates/endian_trait-0.6.0/Cargo.toml,,no_targets,,,,,,,,,,ERASAN,0.23,0,ok,,,,,endian_trait-0.6.0,0,/tmp/seraph-deepsurf-round1-latest-20260429/endian_trait-0.6.0,erasan_crates/endian_trait-0.6.0/Cargo.toml,,,,,
"[""harness_001_01""]","[""bin \""harness_001_01\""""]",harness_compile_failed,0,failed,1.0,futures-0.3.3,462.66,futures-task workspace member,0.51,0,ok,ok,1,[],0.32,0,ok,333.59,0,ok,/tmp/deepSURF-main/dataset/erasan_crates/futures-0.3.3/futures-task/Cargo.toml,erasan_crates/futures-0.3.3/futures-task/Cargo.toml,[],validated,128.01,0,ok,0.1111111111111111,0,0,1,0,ok,ERASAN,0.24,0,ok,validated,api::futures_task::future_obj::LocalFutureObj::into_future_obj,futures_task::future_obj::LocalFutureObj::into_future_obj,3.55,futures-0.3.3-futures-task,1,/tmp/seraph-deepsurf-round1-latest-20260429/futures-0.3.3-futures-task,erasan_crates/futures-0.3.3/futures-task/Cargo.toml,,,,,
"[""harness_001_01""]","[""bin \""harness_001_01\""""]",harness_compile_failed,0,failed,1.0,futures-0.3.5,288.69,futures-task workspace member,0.5,0,ok,ok,1,[],0.24,0,ok,155.7,0,ok,/tmp/deepSURF-main/dataset/erasan_crates/futures-0.3.5/futures-task/Cargo.toml,erasan_crates/futures-0.3.5/futures-task/Cargo.toml,[],validated,132.01,0,ok,0.1111111111111111,0,0,1,0,ok,ERASAN,0.24,0,ok,validated,api::futures_task::future_obj::LocalFutureObj::into_future_obj,futures_task::future_obj::LocalFutureObj::into_future_obj,3.55,futures-0.3.5-futures-task,1,/tmp/seraph-deepsurf-round1-latest-20260429/futures-0.3.5-futures-task,erasan_crates/futures-0.3.5/futures-task/Cargo.toml,,,,,
"[""http""]","[""lib""]",crate_build_failed,0,failed,0.0,http-0.1.19,887.68,,1.65,0,ok,failed,0,[],0.39,0,ok,589.66,0,ok,/tmp/deepSURF-main/dataset/erasan_crates/http-0.1.19/Cargo.toml,erasan_crates/http-0.1.19/Cargo.toml,[],crate_build_failed,295.74,0,ok,0.0,0,0,0,0,skipped,ERASAN,0.24,0,ok,attempted,api::http::header::name::HeaderName::from_bytes,http::header::name::HeaderName::from_bytes,2.5,http-0.1.19,6,/tmp/seraph-deepsurf-round1-latest-20260429/http-0.1.19,erasan_crates/http-0.1.19/Cargo.toml,,,,,
,,,,,,insert_many-0.1.1,18.32,,0.47,0,ok,,,,0.24,0,ok,17.36,0,ok,/tmp/deepSURF-main/dataset/erasan_crates/insert_many-0.1.1/Cargo.toml,erasan_crates/insert_many-0.1.1/Cargo.toml,,no_targets,,,,,,,,,,ERASAN,0.24,0,ok,,,,,insert_many-0.1.1,0,/tmp/seraph-deepsurf-round1-latest-20260429/insert_many-0.1.1,erasan_crates/insert_many-0.1.1/Cargo.toml,,,,,
[],[],,1,ok,1.0,lru-0.6.6,178.03,,0.48,0,ok,ok,0,[],0.25,0,ok,88.58,0,ok,/tmp/deepSURF-main/dataset/erasan_crates/lru-0.6.6/Cargo.toml,erasan_crates/lru-0.6.6/Cargo.toml,[],validated,88.48,0,ok,0.3157894736842105,0,0,1,0,ok,ERASAN,0.24,0,ok,validated,api::lru::LruCache::iter,lru::LruCache::iter,2.3,lru-0.6.6,9,/tmp/seraph-deepsurf-round1-latest-20260429/lru-0.6.6,erasan_crates/lru-0.6.6/Cargo.toml,,,,,
[],[],,1,ok,1.0,nano_arena-0.5.2,126.61,,0.54,0,ok,ok,0,[],0.24,0,ok,54.24,0,ok,/tmp/deepSURF-main/dataset/erasan_crates/nano_arena-0.5.2/Cargo.toml,erasan_crates/nano_arena-0.5.2/Cargo.toml,[],validated,71.34,0,ok,0.16666666666666666,0,0,1,0,ok,ERASAN,0.24,0,ok,validated,api::nano_arena::Arena::split_at,nano_arena::Arena::split_at,2.2,nano_arena-0.5.2,1,/tmp/seraph-deepsurf-round1-latest-20260429/nano_arena-0.5.2,erasan_crates/nano_arena-0.5.2/Cargo.toml,,,,,
[],[],,1,ok,1.0,ordnung-0.0.1,137.51,,0.52,0,ok,ok,0,[],0.24,0,ok,55.2,0,ok,/tmp/deepSURF-main/dataset/erasan_crates/ordnung-0.0.1/Cargo.toml,erasan_crates/ordnung-0.0.1/Cargo.toml,[],validated,81.31,0,ok,0.5333333333333333,0,0,1,0,ok,ERASAN,0.23,0,ok,validated,api::ordnung::Map::get,ordnung::Map::get,2.2,ordnung-0.0.1,3,/tmp/seraph-deepsurf-round1-latest-20260429/ordnung-0.0.1,erasan_crates/ordnung-0.0.1/Cargo.toml,,,,,
,,,,,,pnet_packet-0.26.0,0.39,,0.38,1,failed,,,,,,,,,,/tmp/deepSURF-main/dataset/erasan_crates/pnet_packet-0.26.0/Cargo.toml,erasan_crates/pnet_packet-0.26.0/Cargo.toml,,extract_failed,,,,,,,,,,ERASAN,,,,,,,,pnet_packet-0.26.0,,/tmp/seraph-deepsurf-round1-latest-20260429/pnet_packet-0.26.0,erasan_crates/pnet_packet-0.26.0/Cargo.toml,  thread caused non-unwinding panic. aborting.,extract,,,
,,,,,,qwutils-0.3.0,144.14,,0.82,0,ok,,,,0.25,0,ok,142.83,0,ok,/tmp/deepSURF-main/dataset/erasan_crates/qwutils-0.3.0/Cargo.toml,erasan_crates/qwutils-0.3.0/Cargo.toml,,no_targets,,,,,,,,,,ERASAN,0.25,0,ok,,,,,qwutils-0.3.0,0,/tmp/seraph-deepsurf-round1-latest-20260429/qwutils-0.3.0,erasan_crates/qwutils-0.3.0/Cargo.toml,,,,,
,,,,,,rdiff-0.1.2,52.45,,0.56,0,ok,,,,0.27,0,ok,51.38,0,ok,/tmp/deepSURF-main/dataset/erasan_crates/rdiff-0.1.2/Cargo.toml,erasan_crates/rdiff-0.1.2/Cargo.toml,,no_targets,,,,,,,,,,ERASAN,0.24,0,ok,,,,,rdiff-0.1.2,0,/tmp/seraph-deepsurf-round1-latest-20260429/rdiff-0.1.2,erasan_crates/rdiff-0.1.2/Cargo.toml,,,,,
[],[],,1,ok,1.0,rusqlite-0.26.1,683.72,,1.05,0,ok,ok,0,[],0.38,0,ok,234.77,0,ok,/tmp/deepSURF-main/dataset/erasan_crates/rusqlite-0.26.1/Cargo.toml,erasan_crates/rusqlite-0.26.1/Cargo.toml,[],validated,447.28,0,ok,0.12121212121212122,0,0,1,0,ok,ERASAN,0.24,0,ok,validated,api::rusqlite::OpenFlags::from_bits_unchecked,rusqlite::OpenFlags::from_bits_unchecked,5.05,rusqlite-0.26.1,10,/tmp/seraph-deepsurf-round1-latest-20260429/rusqlite-0.26.1,erasan_crates/rusqlite-0.26.1/Cargo.toml,,,,,
,,,,,,secp256k1-0.22.0,0.65,,0.65,1,failed,,,,,,,,,,/tmp/deepSURF-main/dataset/erasan_crates/secp256k1-0.22.0/Cargo.toml,erasan_crates/secp256k1-0.22.0/Cargo.toml,,extract_failed,,,,,,,,,,ERASAN,,,,,,,,secp256k1-0.22.0,,/tmp/seraph-deepsurf-round1-latest-20260429/secp256k1-0.22.0,erasan_crates/secp256k1-0.22.0/Cargo.toml,"failed to extract knowledge from manifest: failed to parse rustdoc JSON: invalid type: map, expected a string at line 1 column 640256",extract,,,
[],[],,1,ok,1.0,simple-slab-0.3.2,46.35,,0.52,0,ok,ok,0,[],0.24,0,ok,17.18,0,ok,/tmp/deepSURF-main/dataset/erasan_crates/simple-slab-0.3.2/Cargo.toml,erasan_crates/simple-slab-0.3.2/Cargo.toml,[],validated,28.17,0,ok,0.5,0,0,1,0,ok,ERASAN,0.23,0,ok,validated,api::simple_slab::Slab::with_capacity,simple_slab::Slab::with_capacity,2.3,simple-slab-0.3.2,2,/tmp/seraph-deepsurf-round1-latest-20260429/simple-slab-0.3.2,erasan_crates/simple-slab-0.3.2/Cargo.toml,,,,,
"[""slice-deque""]","[""lib""]",crate_build_failed,0,failed,0.0,slice-deque-0.3.0,195.09,,0.88,0,ok,failed,0,[],0.39,0,ok,81.3,0,ok,/tmp/deepSURF-main/dataset/erasan_crates/slice-deque-0.3.0/Cargo.toml,erasan_crates/slice-deque-0.3.0/Cargo.toml,[],crate_build_failed,112.28,0,ok,0.0,0,0,0,0,skipped,ERASAN,0.24,0,ok,attempted,api::slice_deque::SliceDeque::move_head_unchecked,slice_deque::SliceDeque::move_head_unchecked,3.7,slice-deque-0.3.0,30,/tmp/seraph-deepsurf-round1-latest-20260429/slice-deque-0.3.0,erasan_crates/slice-deque-0.3.0/Cargo.toml,,,,,
[],[],,1,ok,1.0,smallvec-0.6.6,255.1,,0.65,0,ok,ok,0,[],0.3,0,ok,129.43,0,ok,/tmp/deepSURF-main/dataset/erasan_crates/smallvec-0.6.6/Cargo.toml,erasan_crates/smallvec-0.6.6/Cargo.toml,[],validated,124.48,0,ok,0.2647058823529412,0,0,1,0,ok,ERASAN,0.24,0,ok,validated,api::smallvec::SmallVec::drain,smallvec::SmallVec::drain,2.3,smallvec-0.6.6,13,/tmp/seraph-deepsurf-round1-latest-20260429/smallvec-0.6.6,erasan_crates/smallvec-0.6.6/Cargo.toml,,,,,
[],[],,1,ok,1.0,smallvec-1.6.0,222.98,,0.56,0,ok,ok,0,[],0.31,0,ok,94.07,0,ok,/tmp/deepSURF-main/dataset/erasan_crates/smallvec-1.6.0/Cargo.toml,erasan_crates/smallvec-1.6.0/Cargo.toml,[],validated,127.8,0,ok,0.0,0,0,1,0,ok,ERASAN,0.24,0,ok,validated,api::smallvec::SmallVec::drain,smallvec::SmallVec::drain,2.3,smallvec-1.6.0,14,/tmp/seraph-deepsurf-round1-latest-20260429/smallvec-1.6.0,erasan_crates/smallvec-1.6.0/Cargo.toml,,,,,
"[""harness_001_01""]","[""bin \""harness_001_01\""""]",harness_compile_failed,0,failed,1.0,stack_dst-0.6.0,95.63,,0.46,0,ok,ok,1,[],0.25,0,ok,27.28,0,ok,/tmp/deepSURF-main/dataset/erasan_crates/stack_dst-0.6.0/Cargo.toml,erasan_crates/stack_dst-0.6.0/Cargo.toml,[],validated,67.4,0,ok,0.0,0,0,1,0,ok,ERASAN,0.24,0,ok,validated,api::stack_dst::value::ValueA::new_raw,stack_dst::value::ValueA::new_raw,3.3,stack_dst-0.6.0,7,/tmp/seraph-deepsurf-round1-latest-20260429/stack_dst-0.6.0,erasan_crates/stack_dst-0.6.0/Cargo.toml,,,,,
[],[],,1,ok,1.0,stackvector-1.0.8,221.51,,0.66,0,ok,ok,0,[],0.28,0,ok,97.44,0,ok,/tmp/deepSURF-main/dataset/erasan_crates/stackvector-1.0.8/Cargo.toml,erasan_crates/stackvector-1.0.8/Cargo.toml,[],runtime_error,122.87,0,ok,0.15151515151515152,1,1,0,0,bug,ERASAN,0.25,0,ok,validated,api::stackvector::StackVec::drain,stackvector::StackVec::drain,2.3,stackvector-1.0.8,10,/tmp/seraph-deepsurf-round1-latest-20260429/stackvector-1.0.8,erasan_crates/stackvector-1.0.8/Cargo.toml,,,,,
,,,,,,string-interner-0.7.0,28.24,,0.53,0,ok,,,,0.24,0,ok,27.23,0,ok,/tmp/deepSURF-main/dataset/erasan_crates/string-interner-0.7.0/Cargo.toml,erasan_crates/string-interner-0.7.0/Cargo.toml,,no_targets,,,,,,,,,,ERASAN,0.24,0,ok,,,,,string-interner-0.7.0,0,/tmp/seraph-deepsurf-round1-latest-20260429/string-interner-0.7.0,erasan_crates/string-interner-0.7.0/Cargo.toml,,,,,
,,,,,,through-0.1.0,12.12,,0.45,0,ok,,,,0.38,0,ok,11.05,0,ok,/tmp/deepSURF-main/dataset/erasan_crates/through-0.1.0/Cargo.toml,erasan_crates/through-0.1.0/Cargo.toml,,no_targets,,,,,,,,,,ERASAN,0.24,0,ok,,,,,through-0.1.0,0,/tmp/seraph-deepsurf-round1-latest-20260429/through-0.1.0,erasan_crates/through-0.1.0/Cargo.toml,,,,,
[],[],,1,ok,1.0,tokio-1.24.1,415.62,,0.74,0,ok,ok,0,[],0.27,0,ok,253.9,0,ok,/tmp/deepSURF-main/dataset/erasan_crates/tokio-1.24.1/Cargo.toml,erasan_crates/tokio-1.24.1/Cargo.toml,[],validated,160.46,0,ok,0.07407407407407407,0,0,1,0,ok,ERASAN,0.25,0,ok,validated,api::tokio::io::read_buf::ReadBuf::assume_init,tokio::io::read_buf::ReadBuf::assume_init,3.45,tokio-1.24.1,11,/tmp/seraph-deepsurf-round1-latest-20260429/tokio-1.24.1,erasan_crates/tokio-1.24.1/Cargo.toml,,,,,
[],[],,1,ok,1.0,toodee-0.2.4,302.21,,0.61,0,ok,ok,0,[],0.29,0,ok,107.85,0,ok,/tmp/deepSURF-main/dataset/erasan_crates/toodee-0.2.4/Cargo.toml,erasan_crates/toodee-0.2.4/Cargo.toml,[],validated,193.21,0,ok,0.058823529411764705,0,0,1,0,ok,ERASAN,0.24,0,ok,validated,api::toodee::ops::TooDeeOps::get_unchecked,toodee::ops::TooDeeOps::get_unchecked,4.95,toodee-0.2.4,9,/tmp/seraph-deepsurf-round1-latest-20260429/toodee-0.2.4,erasan_crates/toodee-0.2.4/Cargo.toml,,,,,
,,,,,,bincode-2.0.0-rc.3,0.73,,0.73,1,failed,,,,,,,,,,/tmp/deepSURF-main/dataset/rug_crates/bincode-2.0.0-rc.3/Cargo.toml,rug_crates/bincode-2.0.0-rc.3/Cargo.toml,,extract_failed,,,,,,,,,,RUG,,,,,,,,bincode-2.0.0-rc.3,,/tmp/seraph-deepsurf-round1-latest-20260429/bincode-2.0.0-rc.3,rug_crates/bincode-2.0.0-rc.3/Cargo.toml,"failed to extract knowledge from manifest: failed to parse rustdoc JSON: invalid type: map, expected a string at line 1 column 192817",extract,,,
,,,,,,chrono-0.5.0-alpha.1,857.49,,2.19,0,ok,,,,0.34,0,ok,854.7,0,ok,/tmp/deepSURF-main/dataset/rug_crates/chrono-0.5.0-alpha.1/Cargo.toml,rug_crates/chrono-0.5.0-alpha.1/Cargo.toml,,no_targets,,,,,,,,,,RUG,0.27,0,ok,,,,,chrono-0.5.0-alpha.1,0,/tmp/seraph-deepsurf-round1-latest-20260429/chrono-0.5.0-alpha.1,rug_crates/chrono-0.5.0-alpha.1/Cargo.toml,,,,,
,,,,,,crc32fast-1.3.2,18.96,,0.59,0,ok,,,,0.26,0,ok,17.86,0,ok,/tmp/deepSURF-main/dataset/rug_crates/crc32fast-1.3.2/Cargo.toml,rug_crates/crc32fast-1.3.2/Cargo.toml,,no_targets,,,,,,,,,,RUG,0.25,0,ok,,,,,crc32fast-1.3.2,0,/tmp/seraph-deepsurf-round1-latest-20260429/crc32fast-1.3.2,rug_crates/crc32fast-1.3.2/Cargo.toml,,,,,
,,,,,,hashes,15.07,hashes workspace member,0.67,0,ok,,,,0.25,0,ok,13.91,0,ok,/tmp/deepSURF-main/dataset/rug_crates/hashes/blake2/Cargo.toml,rug_crates/hashes/blake2/Cargo.toml,,no_targets,,,,,,,,,,RUG,0.24,0,ok,,,,,hashes-blake2,0,/tmp/seraph-deepsurf-round1-latest-20260429/hashes-blake2,rug_crates/hashes/blake2/Cargo.toml,,,,,
,,,,,,hashes,92.34,hashes workspace member,0.6,0,ok,,,,0.24,0,ok,91.27,0,ok,/tmp/deepSURF-main/dataset/rug_crates/hashes/sha2/Cargo.toml,rug_crates/hashes/sha2/Cargo.toml,,no_targets,,,,,,,,,,RUG,0.24,0,ok,,,,,hashes-sha2,0,/tmp/seraph-deepsurf-round1-latest-20260429/hashes-sha2,rug_crates/hashes/sha2/Cargo.toml,,,,,
[],[],,1,ok,1.0,itoa-1.0.6,47.8,,0.52,0,ok,ok,0,[],0.24,0,ok,21.4,0,ok,/tmp/deepSURF-main/dataset/rug_crates/itoa-1.0.6/Cargo.toml,rug_crates/itoa-1.0.6/Cargo.toml,[],validated,25.39,0,ok,1.0,0,0,1,0,ok,RUG,0.25,0,ok,validated,api::itoa::Buffer::format,itoa::Buffer::format,2.2,itoa-1.0.6,1,/tmp/seraph-deepsurf-round1-latest-20260429/itoa-1.0.6,rug_crates/itoa-1.0.6/Cargo.toml,,,,,
,,,,,,nom-7.1.2,995.24,,2.45,0,ok,,,,0.31,0,ok,992.25,0,ok,/tmp/deepSURF-main/dataset/rug_crates/nom-7.1.2/Cargo.toml,rug_crates/nom-7.1.2/Cargo.toml,,no_targets,,,,,,,,,,RUG,0.23,0,ok,,,,,nom-7.1.2,0,/tmp/seraph-deepsurf-round1-latest-20260429/nom-7.1.2,rug_crates/nom-7.1.2/Cargo.toml,,,,,
,,,,,,num-traits-0.2.15,417.38,,1.54,0,ok,,,,0.29,0,ok,415.31,0,ok,/tmp/deepSURF-main/dataset/rug_crates/num-traits-0.2.15/Cargo.toml,rug_crates/num-traits-0.2.15/Cargo.toml,,no_targets,,,,,,,,,,RUG,0.24,0,ok,,,,,num-traits-0.2.15,0,/tmp/seraph-deepsurf-round1-latest-20260429/num-traits-0.2.15,rug_crates/num-traits-0.2.15/Cargo.toml,,,,,
[],[],,1,ok,1.0,ryu-1.0.13,94.38,,0.52,0,ok,ok,0,[],0.24,0,ok,60.92,0,ok,/tmp/deepSURF-main/dataset/rug_crates/ryu-1.0.13/Cargo.toml,rug_crates/ryu-1.0.13/Cargo.toml,[],validated,32.46,0,ok,0.0,0,0,1,0,ok,RUG,0.23,0,ok,validated,api::ryu::pretty::format32,ryu::pretty::format32,4.35,ryu-1.0.13,3,/tmp/seraph-deepsurf-round1-latest-20260429/ryu-1.0.13,rug_crates/ryu-1.0.13/Cargo.toml,,,,,
,,,,,,semver-1.0.17,34.76,,0.54,0,ok,,,,0.24,0,ok,33.74,0,ok,/tmp/deepSURF-main/dataset/rug_crates/semver-1.0.17/Cargo.toml,rug_crates/semver-1.0.17/Cargo.toml,,no_targets,,,,,,,,,,RUG,0.23,0,ok,,,,,semver-1.0.17,0,/tmp/seraph-deepsurf-round1-latest-20260429/semver-1.0.17,rug_crates/semver-1.0.17/Cargo.toml,,,,,
"[""serde_json""]","[""lib""]",crate_build_failed,0,failed,0.0,serde_json-1.0.96,526.66,,1.23,0,ok,failed,0,[],0.33,0,ok,228.34,0,ok,/tmp/deepSURF-main/dataset/rug_crates/serde_json-1.0.96/Cargo.toml,rug_crates/serde_json-1.0.96/Cargo.toml,[],crate_build_failed,296.51,0,ok,0.0,0,0,0,0,skipped,RUG,0.23,0,ok,attempted,api::serde_json::ser::to_string,serde_json::ser::to_string,2.2,serde_json-1.0.96,2,/tmp/seraph-deepsurf-round1-latest-20260429/serde_json-1.0.96,rug_crates/serde_json-1.0.96/Cargo.toml,,,,,
,,,,,,time,513.19,time workspace member,1.01,0,ok,,,,0.29,0,ok,511.64,0,ok,/tmp/deepSURF-main/dataset/rug_crates/time/time/Cargo.toml,rug_crates/time/time/Cargo.toml,,no_targets,,,,,,,,,,RUG,0.24,0,ok,,,,,time,0,/tmp/seraph-deepsurf-round1-latest-20260429/time,rug_crates/time/time/Cargo.toml,,,,,
[],[],,1,ok,1.0,uuid-1.4.0,652.84,,0.77,0,ok,ok,0,[],0.27,0,ok,190.8,0,ok,/tmp/deepSURF-main/dataset/rug_crates/uuid-1.4.0/Cargo.toml,rug_crates/uuid-1.4.0/Cargo.toml,[],validated,460.75,0,ok,0.05555555555555555,0,0,1,0,ok,RUG,0.24,0,ok,validated,api::uuid::Uuid::from_bytes_ref,uuid::Uuid::from_bytes_ref,2.4,uuid-1.4.0,5,/tmp/seraph-deepsurf-round1-latest-20260429/uuid-1.4.0,rug_crates/uuid-1.4.0/Cargo.toml,,,,,
[],[],,1,ok,1.0,arenavec-0.1.1,192.23,,0.57,0,ok,ok,0,"[""api::arenavec::common::SliceVec::split_off""]",0.31,0,ok,92.92,0,ok,/tmp/deepSURF-main/dataset/rustsan_crates/arenavec-0.1.1/Cargo.toml,rustsan_crates/arenavec-0.1.1/Cargo.toml,[],runtime_error,98.19,0,ok,0.32,1,1,0,0,bug,RUSTSAN,0.24,0,ok,validated,api::arenavec::common::SliceVec::split_off,arenavec::common::SliceVec::split_off,2.3,arenavec-0.1.1,8,/tmp/seraph-deepsurf-round1-latest-20260429/arenavec-0.1.1,rustsan_crates/arenavec-0.1.1/Cargo.toml,,,,,
[],[],,1,ok,1.0,array-queue-0.3.3,99.22,,0.48,0,ok,ok,0,[],0.24,0,ok,43.29,0,ok,/tmp/deepSURF-main/dataset/rustsan_crates/array-queue-0.3.3/Cargo.toml,rustsan_crates/array-queue-0.3.3/Cargo.toml,[],validated,54.98,0,ok,0.8181818181818182,0,0,1,0,ok,RUSTSAN,0.23,0,ok,validated,api::array_queue::array_queue::ArrayQueue::new,array_queue::array_queue::ArrayQueue::new,2.3,array-queue-0.3.3,3,/tmp/seraph-deepsurf-round1-latest-20260429/array-queue-0.3.3,rustsan_crates/array-queue-0.3.3/Cargo.toml,,,,,
"[""harness_001_01""]","[""bin \""harness_001_01\""""]",harness_compile_failed,0,failed,1.0,base64-0.5.1,87.92,,0.51,0,ok,ok,1,[],0.23,0,ok,42.88,0,ok,/tmp/deepSURF-main/dataset/rustsan_crates/base64-0.5.1/Cargo.toml,rustsan_crates/base64-0.5.1/Cargo.toml,[],validated,44.06,0,ok,0.16666666666666666,0,0,1,0,ok,RUSTSAN,0.23,0,ok,validated,api::base64::encode_config_buf,base64::encode_config_buf,2.2,base64-0.5.1,1,/tmp/seraph-deepsurf-round1-latest-20260429/base64-0.5.1,rustsan_crates/base64-0.5.1/Cargo.toml,,,,,
[],[],,1,ok,1.0,bumpalo-3.2.0,88.95,,0.44,0,ok,ok,0,[],0.28,0,ok,32.62,0,ok,/tmp/deepSURF-main/dataset/rustsan_crates/bumpalo-3.2.0/Cargo.toml,rustsan_crates/bumpalo-3.2.0/Cargo.toml,[],validated,55.38,0,ok,0.13333333333333333,0,0,1,0,ok,RUSTSAN,0.24,0,ok,validated,api::bumpalo::Bump::with_capacity,bumpalo::Bump::with_capacity,2.3,bumpalo-3.2.0,8,/tmp/seraph-deepsurf-round1-latest-20260429/bumpalo-3.2.0,rustsan_crates/bumpalo-3.2.0/Cargo.toml,,,,,
,,,,,,chttp-0.1.2,12.08,,12.08,1,failed,,,,,,,,,,/tmp/deepSURF-main/dataset/rustsan_crates/chttp-0.1.2/Cargo.toml,rustsan_crates/chttp-0.1.2/Cargo.toml,,extract_failed,,,,,,,,,,RUSTSAN,,,,,,,,chttp-0.1.2,,/tmp/seraph-deepsurf-round1-latest-20260429/chttp-0.1.2,rustsan_crates/chttp-0.1.2/Cargo.toml,"  error occurred in cc-rs: command did not execute successfully (status code exit status: 1): LC_ALL=""C"" ""cc"" ""-O0"" ""-ffunction-sections"" ""-fdata-sections"" ""-fPIC"" ""-g"" ""-gdwarf-4"" ""-fno-omit-frame-pointer"" ""-m64"" ""-I"" ""curl/lib"" ""-I"" ""curl/include"" ""-I"" ""/usr/include"" ""-I"" ""/usr/include"" ""-w"" ""-fvisibility=hidden"" ""-DBUILDING_LIBCURL"" ""-DCURL_DISABLE_DICT"" ""-DCURL_DISABLE_GOPHER"" ""-DCURL_DISABLE_",extract,,,
,,,,,,flatbuffers-0.8.0,0.62,,0.62,1,failed,,,,,,,,,,/tmp/deepSURF-main/dataset/rustsan_crates/flatbuffers-0.8.0/Cargo.toml,rustsan_crates/flatbuffers-0.8.0/Cargo.toml,,extract_failed,,,,,,,,,,RUSTSAN,,,,,,,,flatbuffers-0.8.0,,/tmp/seraph-deepsurf-round1-latest-20260429/flatbuffers-0.8.0,rustsan_crates/flatbuffers-0.8.0/Cargo.toml,"failed to extract knowledge from manifest: failed to parse rustdoc JSON: invalid type: map, expected a string at line 1 column 407276",extract,,,
"[""harness_001_01""]","[""bin \""harness_001_01\""""]",harness_compile_failed,0,failed,1.0,generic-array-0.13.2,118.58,,0.53,0,ok,ok,1,[],0.23,0,ok,53.28,0,ok,/tmp/deepSURF-main/dataset/rustsan_crates/generic-array-0.13.2/Cargo.toml,rustsan_crates/generic-array-0.13.2/Cargo.toml,[],validated,64.29,0,ok,0.0,0,0,1,0,ok,RUSTSAN,0.24,0,ok,validated,api::generic_array::GenericArray::from_exact_iter,generic_array::GenericArray::from_exact_iter,2.3,generic-array-0.13.2,1,/tmp/seraph-deepsurf-round1-latest-20260429/generic-array-0.13.2,rustsan_crates/generic-array-0.13.2/Cargo.toml,,,,,
"[""harness_001_01""]","[""bin \""harness_001_01\""""]",harness_compile_failed,0,failed,1.0,id-map-0.2.1,139.85,,0.51,0,ok,ok,1,"[""api::id_map::IdMap::into_iter""]",0.26,0,ok,59.24,0,ok,/tmp/deepSURF-main/dataset/rustsan_crates/id-map-0.2.1/Cargo.toml,rustsan_crates/id-map-0.2.1/Cargo.toml,[],bug,79.61,0,ok,0.2916666666666667,1,1,0,0,bug,RUSTSAN,0.24,0,ok,validated,api::id_map::IdMap::into_iter,id_map::IdMap::into_iter,2.3,id-map-0.2.1,4,/tmp/seraph-deepsurf-round1-latest-20260429/id-map-0.2.1,rustsan_crates/id-map-0.2.1/Cargo.toml,,,,,
"[""harness_001_01""]","[""bin \""harness_001_01\""""]",harness_compile_failed,0,failed,1.0,safe-transmute-0.10.0,208.1,,0.55,0,ok,ok,1,[],0.29,0,ok,67.23,0,ok,/tmp/deepSURF-main/dataset/rustsan_crates/safe-transmute-0.10.0/Cargo.toml,rustsan_crates/safe-transmute-0.10.0/Cargo.toml,[],validated,139.8,0,ok,0.0,0,0,1,0,ok,RUSTSAN,0.24,0,ok,validated,api::safe_transmute::bool::guarded_transmute_bool_pedantic,safe_transmute::bool::guarded_transmute_bool_pedantic,2.2,safe-transmute-0.10.0,28,/tmp/seraph-deepsurf-round1-latest-20260429/safe-transmute-0.10.0,rustsan_crates/safe-transmute-0.10.0/Cargo.toml,,,,,
"[""scratchpad""]","[""lib""]",crate_build_failed,0,failed,0.0,scratchpad-1.3.0,809.09,,0.92,0,ok,failed,0,[],0.45,0,ok,235.14,0,ok,/tmp/deepSURF-main/dataset/rustsan_crates/scratchpad-1.3.0/Cargo.toml,rustsan_crates/scratchpad-1.3.0/Cargo.toml,[],crate_build_failed,572.34,0,ok,0.0,0,0,0,0,skipped,RUSTSAN,0.24,0,ok,attempted,api::scratchpad::allocation::Allocation::concat_unchecked,scratchpad::allocation::Allocation::concat_unchecked,5.05,scratchpad-1.3.0,31,/tmp/seraph-deepsurf-round1-latest-20260429/scratchpad-1.3.0,rustsan_crates/scratchpad-1.3.0/Cargo.toml,,,,,
[],[],,1,ok,1.0,sized-chunks-0.6.2,431.89,,0.75,0,ok,ok,0,[],0.35,0,ok,161.43,0,ok,/tmp/deepSURF-main/dataset/rustsan_crates/sized-chunks-0.6.2/Cargo.toml,rustsan_crates/sized-chunks-0.6.2/Cargo.toml,[],validated,269.12,0,ok,0.1111111111111111,0,0,1,0,ok,RUSTSAN,0.24,0,ok,validated,api::sized_chunks::sparse_chunk::SparseChunk::get_unchecked,sized_chunks::sparse_chunk::SparseChunk::get_unchecked,4.95,sized-chunks-0.6.2,26,/tmp/seraph-sized-chunks-rerun-20260429-contextfix,rustsan_crates/sized-chunks-0.6.2/Cargo.toml,,,2026-04-29,targeted_contextfix_rerun,/tmp/seraph-deepsurf-round1-latest-20260429/sized-chunks-0.6.2
"[""slice-deque""]","[""lib""]",crate_build_failed,0,failed,0.0,slice-deque-0.1.15,354.14,,0.9,0,ok,failed,0,[],0.37,0,ok,138.0,0,ok,/tmp/deepSURF-main/dataset/rustsan_crates/slice-deque-0.1.15/Cargo.toml,rustsan_crates/slice-deque-0.1.15/Cargo.toml,[],crate_build_failed,214.63,0,ok,0.0,0,0,0,0,skipped,RUSTSAN,0.24,0,ok,attempted,api::slice_deque::SliceDeque::move_head_unchecked,slice_deque::SliceDeque::move_head_unchecked,3.7,slice-deque-0.1.15,29,/tmp/seraph-deepsurf-round1-latest-20260429/slice-deque-0.1.15,rustsan_crates/slice-deque-0.1.15/Cargo.toml,,,,,
"[""harness_001_01""]","[""bin \""harness_001_01\""""]",harness_compile_failed,0,failed,1.0,smallvec-0.6.1,314.25,,0.68,0,ok,ok,1,[],0.28,0,ok,225.5,0,ok,/tmp/deepSURF-main/dataset/rustsan_crates/smallvec-0.6.1/Cargo.toml,rustsan_crates/smallvec-0.6.1/Cargo.toml,[],validated,87.54,0,ok,0.06666666666666667,0,0,1,0,ok,RUSTSAN,0.23,0,ok,validated,api::smallvec::SmallVec::drain,smallvec::SmallVec::drain,2.3,smallvec-0.6.1,12,/tmp/seraph-deepsurf-round1-latest-20260429/smallvec-0.6.1,rustsan_crates/smallvec-0.6.1/Cargo.toml,,,,,
[],[],,1,ok,1.0,smallvec-0.6.3,158.4,,0.71,0,ok,ok,0,[],0.29,0,ok,79.48,0,ok,/tmp/deepSURF-main/dataset/rustsan_crates/smallvec-0.6.3/Cargo.toml,rustsan_crates/smallvec-0.6.3/Cargo.toml,[],validated,77.67,0,ok,0.13333333333333333,0,0,1,0,ok,RUSTSAN,0.24,0,ok,validated,api::smallvec::SmallVec::drain,smallvec::SmallVec::drain,2.3,smallvec-0.6.3,12,/tmp/seraph-deepsurf-round1-latest-20260429/smallvec-0.6.3,rustsan_crates/smallvec-0.6.3/Cargo.toml,,,,,
[],[],,1,ok,1.0,stack-0.3.0,417.25,,0.61,0,ok,ok,0,[],0.27,0,ok,114.75,0,ok,/tmp/deepSURF-main/dataset/rustsan_crates/stack-0.3.0/Cargo.toml,rustsan_crates/stack-0.3.0/Cargo.toml,[],validated,301.39,0,ok,0.0,0,0,1,0,ok,RUSTSAN,0.24,0,ok,validated,api::stack::array_vec::ArrayVec::into_inner,stack::array_vec::ArrayVec::into_inner,2.3,stack-0.3.0,12,/tmp/seraph-stack-rerun-20260429-contextfix2,rustsan_crates/stack-0.3.0/Cargo.toml,,,2026-04-29,targeted_contextfix_rerun,/tmp/seraph-deepsurf-round1-latest-20260429/stack-0.3.0
[],[],,1,ok,1.0,sys-info-0.7.0,457.11,,0.57,0,ok,ok,0,[],0.25,0,ok,207.9,0,ok,/tmp/deepSURF-main/dataset/rustsan_crates/sys-info-0.7.0/Cargo.toml,rustsan_crates/sys-info-0.7.0/Cargo.toml,[],validated,248.16,0,ok,0.3,0,0,1,0,ok,RUSTSAN,0.24,0,ok,validated,api::sys_info::disk_info,sys_info::disk_info,2.3,sys-info-0.7.0,10,/tmp/seraph-deepsurf-round1-latest-20260429/sys-info-0.7.0,rustsan_crates/sys-info-0.7.0/Cargo.toml,,,,,
